0;26/06/2022 19:43:23;kafka_kafka_1;" 368.2MiB / 3.842GiB"
0;26/06/2022 19:43:27;kafka_kafka_1;" 368.6MiB / 3.842GiB"
0;26/06/2022 19:43:31;kafka_kafka_1;" 368.9MiB / 3.842GiB"
0;26/06/2022 19:43:34;kafka_kafka_1;" 369.3MiB / 3.842GiB"
0;26/06/2022 19:43:38;kafka_kafka_1;" 374.6MiB / 3.842GiB"
0;26/06/2022 19:43:43;kafka_kafka_1;" 375.1MiB / 3.842GiB"
0;26/06/2022 19:43:48;kafka_kafka_1;" 375.9MiB / 3.842GiB"
0;26/06/2022 19:43:57;kafka_kafka_1;" 401MiB / 3.842GiB"
0;26/06/2022 19:44:06;kafka_kafka_1;" 392.2MiB / 3.842GiB"
0;26/06/2022 19:44:16;kafka_kafka_1;" 392.6MiB / 3.842GiB"
0;26/06/2022 19:44:28;kafka_kafka_1;" 393.3MiB / 3.842GiB"
0;26/06/2022 19:44:41;kafka_kafka_1;" 394.1MiB / 3.842GiB"
0;26/06/2022 19:44:54;kafka_kafka_1;" 391.6MiB / 3.842GiB"
0;26/06/2022 19:45:05;kafka_kafka_1;" 392.3MiB / 3.842GiB"
0;26/06/2022 19:45:16;kafka_kafka_1;" 392.7MiB / 3.842GiB"
0;26/06/2022 19:45:27;kafka_kafka_1;" 405MiB / 3.842GiB"
0;26/06/2022 19:45:40;kafka_kafka_1;" 396.8MiB / 3.842GiB"
0;26/06/2022 19:45:52;kafka_kafka_1;" 397.3MiB / 3.842GiB"
0;26/06/2022 19:46:08;kafka_kafka_1;" 398.1MiB / 3.842GiB"
0;26/06/2022 19:46:25;kafka_kafka_1;" 444.1MiB / 3.842GiB"
0;26/06/2022 19:46:41;kafka_kafka_1;" 455.9MiB / 3.842GiB"
0;26/06/2022 19:46:57;kafka_kafka_1;" 456.4MiB / 3.842GiB"
0;26/06/2022 19:47:11;kafka_kafka_1;" 482.7MiB / 3.842GiB"
0;26/06/2022 19:47:21;kafka_kafka_1;" 512.2MiB / 3.842GiB"
1;26/06/2022 19:47:37;kafka_kafka_1;" 370.3MiB / 3.842GiB"
1;26/06/2022 19:47:41;kafka_kafka_1;" 369.9MiB / 3.842GiB"
1;26/06/2022 19:47:45;kafka_kafka_1;" 370.1MiB / 3.842GiB"
1;26/06/2022 19:47:48;kafka_kafka_1;" 370.6MiB / 3.842GiB"
1;26/06/2022 19:47:51;kafka_kafka_1;" 373.8MiB / 3.842GiB"
1;26/06/2022 19:47:57;kafka_kafka_1;" 374.3MiB / 3.842GiB"
1;26/06/2022 19:48:02;kafka_kafka_1;" 375.2MiB / 3.842GiB"
1;26/06/2022 19:48:10;kafka_kafka_1;" 388.9MiB / 3.842GiB"
1;26/06/2022 19:48:20;kafka_kafka_1;" 382MiB / 3.842GiB"
1;26/06/2022 19:48:31;kafka_kafka_1;" 382.4MiB / 3.842GiB"
1;26/06/2022 19:48:42;kafka_kafka_1;" 386.8MiB / 3.842GiB"
1;26/06/2022 19:48:55;kafka_kafka_1;" 387.6MiB / 3.842GiB"
1;26/06/2022 19:49:08;kafka_kafka_1;" 391.7MiB / 3.842GiB"
1;26/06/2022 19:49:20;kafka_kafka_1;" 388.5MiB / 3.842GiB"
1;26/06/2022 19:49:31;kafka_kafka_1;" 388.9MiB / 3.842GiB"
1;26/06/2022 19:49:42;kafka_kafka_1;" 402.8MiB / 3.842GiB"
1;26/06/2022 19:49:54;kafka_kafka_1;" 405.2MiB / 3.842GiB"
1;26/06/2022 19:50:07;kafka_kafka_1;" 400.7MiB / 3.842GiB"
1;26/06/2022 19:50:23;kafka_kafka_1;" 397.4MiB / 3.842GiB"
1;26/06/2022 19:50:40;kafka_kafka_1;" 398.5MiB / 3.842GiB"
1;26/06/2022 19:50:56;kafka_kafka_1;" 399.3MiB / 3.842GiB"
1;26/06/2022 19:51:10;kafka_kafka_1;" 400.6MiB / 3.842GiB"
1;26/06/2022 19:51:24;kafka_kafka_1;" 402.8MiB / 3.842GiB"
1;26/06/2022 19:51:35;kafka_kafka_1;" 403.4MiB / 3.842GiB"
2;26/06/2022 19:51:51;kafka_kafka_1;" 358.7MiB / 3.842GiB"
2;26/06/2022 19:51:56;kafka_kafka_1;" 366.4MiB / 3.842GiB"
2;26/06/2022 19:51:59;kafka_kafka_1;" 366.8MiB / 3.842GiB"
2;26/06/2022 19:52:03;kafka_kafka_1;" 367.2MiB / 3.842GiB"
2;26/06/2022 19:52:06;kafka_kafka_1;" 371.3MiB / 3.842GiB"
2;26/06/2022 19:52:12;kafka_kafka_1;" 397MiB / 3.842GiB"
2;26/06/2022 19:52:17;kafka_kafka_1;" 387.2MiB / 3.842GiB"
2;26/06/2022 19:52:25;kafka_kafka_1;" 388MiB / 3.842GiB"
2;26/06/2022 19:52:35;kafka_kafka_1;" 388.7MiB / 3.842GiB"
2;26/06/2022 19:52:45;kafka_kafka_1;" 389.2MiB / 3.842GiB"
2;26/06/2022 19:52:56;kafka_kafka_1;" 394.6MiB / 3.842GiB"
2;26/06/2022 19:53:09;kafka_kafka_1;" 388MiB / 3.842GiB"
2;26/06/2022 19:53:22;kafka_kafka_1;" 388.9MiB / 3.842GiB"
2;26/06/2022 19:53:34;kafka_kafka_1;" 398.6MiB / 3.842GiB"
2;26/06/2022 19:53:45;kafka_kafka_1;" 390.1MiB / 3.842GiB"
2;26/06/2022 19:53:57;kafka_kafka_1;" 394MiB / 3.842GiB"
2;26/06/2022 19:54:09;kafka_kafka_1;" 403.1MiB / 3.842GiB"
2;26/06/2022 19:54:22;kafka_kafka_1;" 396.8MiB / 3.842GiB"
2;26/06/2022 19:54:38;kafka_kafka_1;" 397.8MiB / 3.842GiB"
2;26/06/2022 19:54:54;kafka_kafka_1;" 398.7MiB / 3.842GiB"
2;26/06/2022 19:55:11;kafka_kafka_1;" 399.5MiB / 3.842GiB"
2;26/06/2022 19:55:27;kafka_kafka_1;" 400.9MiB / 3.842GiB"
2;26/06/2022 19:55:41;kafka_kafka_1;" 402.4MiB / 3.842GiB"
2;26/06/2022 19:55:51;kafka_kafka_1;" 403.9MiB / 3.842GiB"
3;26/06/2022 19:56:08;kafka_kafka_1;" 361.1MiB / 3.842GiB"
3;26/06/2022 19:56:13;kafka_kafka_1;" 367.9MiB / 3.842GiB"
3;26/06/2022 19:56:16;kafka_kafka_1;" 368.3MiB / 3.842GiB"
3;26/06/2022 19:56:20;kafka_kafka_1;" 368.7MiB / 3.842GiB"
3;26/06/2022 19:56:23;kafka_kafka_1;" 372MiB / 3.842GiB"
3;26/06/2022 19:56:28;kafka_kafka_1;" 388.5MiB / 3.842GiB"
3;26/06/2022 19:56:33;kafka_kafka_1;" 389.4MiB / 3.842GiB"
3;26/06/2022 19:56:42;kafka_kafka_1;" 390.6MiB / 3.842GiB"
3;26/06/2022 19:56:52;kafka_kafka_1;" 391MiB / 3.842GiB"
3;26/06/2022 19:57:03;kafka_kafka_1;" 391.5MiB / 3.842GiB"
3;26/06/2022 19:57:14;kafka_kafka_1;" 392.4MiB / 3.842GiB"
3;26/06/2022 19:57:27;kafka_kafka_1;" 394.9MiB / 3.842GiB"
3;26/06/2022 19:57:40;kafka_kafka_1;" 390.6MiB / 3.842GiB"
3;26/06/2022 19:57:51;kafka_kafka_1;" 391MiB / 3.842GiB"
3;26/06/2022 19:58:02;kafka_kafka_1;" 391.7MiB / 3.842GiB"
3;26/06/2022 19:58:13;kafka_kafka_1;" 402MiB / 3.842GiB"
3;26/06/2022 19:58:25;kafka_kafka_1;" 405.8MiB / 3.842GiB"
3;26/06/2022 19:58:38;kafka_kafka_1;" 393.6MiB / 3.842GiB"
3;26/06/2022 19:58:54;kafka_kafka_1;" 394.4MiB / 3.842GiB"
3;26/06/2022 19:59:11;kafka_kafka_1;" 395.5MiB / 3.842GiB"
3;26/06/2022 19:59:26;kafka_kafka_1;" 396.4MiB / 3.842GiB"
3;26/06/2022 19:59:42;kafka_kafka_1;" 397.1MiB / 3.842GiB"
3;26/06/2022 19:59:56;kafka_kafka_1;" 399.3MiB / 3.842GiB"
3;26/06/2022 20:00:06;kafka_kafka_1;" 400.6MiB / 3.842GiB"
4;26/06/2022 20:00:23;kafka_kafka_1;" 356.6MiB / 3.842GiB"
4;26/06/2022 20:00:26;kafka_kafka_1;" 365.6MiB / 3.842GiB"
4;26/06/2022 20:00:30;kafka_kafka_1;" 365.9MiB / 3.842GiB"
4;26/06/2022 20:00:33;kafka_kafka_1;" 367.3MiB / 3.842GiB"
4;26/06/2022 20:00:37;kafka_kafka_1;" 369.1MiB / 3.842GiB"
4;26/06/2022 20:00:42;kafka_kafka_1;" 391.8MiB / 3.842GiB"
4;26/06/2022 20:00:47;kafka_kafka_1;" 386.2MiB / 3.842GiB"
4;26/06/2022 20:00:55;kafka_kafka_1;" 383.5MiB / 3.842GiB"
4;26/06/2022 20:01:04;kafka_kafka_1;" 384.1MiB / 3.842GiB"
4;26/06/2022 20:01:15;kafka_kafka_1;" 384.5MiB / 3.842GiB"
4;26/06/2022 20:01:27;kafka_kafka_1;" 385.2MiB / 3.842GiB"
4;26/06/2022 20:01:40;kafka_kafka_1;" 383.3MiB / 3.842GiB"
4;26/06/2022 20:01:53;kafka_kafka_1;" 383.9MiB / 3.842GiB"
4;26/06/2022 20:02:05;kafka_kafka_1;" 385.7MiB / 3.842GiB"
4;26/06/2022 20:02:16;kafka_kafka_1;" 386.5MiB / 3.842GiB"
4;26/06/2022 20:02:27;kafka_kafka_1;" 386MiB / 3.842GiB"
4;26/06/2022 20:02:40;kafka_kafka_1;" 400.2MiB / 3.842GiB"
4;26/06/2022 20:02:53;kafka_kafka_1;" 387.7MiB / 3.842GiB"
4;26/06/2022 20:03:09;kafka_kafka_1;" 389.5MiB / 3.842GiB"
4;26/06/2022 20:03:25;kafka_kafka_1;" 391.7MiB / 3.842GiB"
4;26/06/2022 20:03:42;kafka_kafka_1;" 392.6MiB / 3.842GiB"
4;26/06/2022 20:03:57;kafka_kafka_1;" 393.2MiB / 3.842GiB"
4;26/06/2022 20:04:11;kafka_kafka_1;" 394.1MiB / 3.842GiB"
4;26/06/2022 20:04:22;kafka_kafka_1;" 396.1MiB / 3.842GiB"
5;26/06/2022 20:04:38;kafka_kafka_1;" 361.8MiB / 3.842GiB"
5;26/06/2022 20:04:43;kafka_kafka_1;" 368.5MiB / 3.842GiB"
5;26/06/2022 20:04:45;kafka_kafka_1;" 368.7MiB / 3.842GiB"
5;26/06/2022 20:04:49;kafka_kafka_1;" 369.1MiB / 3.842GiB"
5;26/06/2022 20:04:52;kafka_kafka_1;" 371.1MiB / 3.842GiB"
5;26/06/2022 20:04:57;kafka_kafka_1;" 392.7MiB / 3.842GiB"
5;26/06/2022 20:05:03;kafka_kafka_1;" 399.1MiB / 3.842GiB"
5;26/06/2022 20:05:11;kafka_kafka_1;" 386.6MiB / 3.842GiB"
5;26/06/2022 20:05:20;kafka_kafka_1;" 387MiB / 3.842GiB"
5;26/06/2022 20:05:31;kafka_kafka_1;" 387.5MiB / 3.842GiB"
5;26/06/2022 20:05:43;kafka_kafka_1;" 396.1MiB / 3.842GiB"
5;26/06/2022 20:05:55;kafka_kafka_1;" 393.9MiB / 3.842GiB"
5;26/06/2022 20:06:09;kafka_kafka_1;" 389.5MiB / 3.842GiB"
5;26/06/2022 20:06:21;kafka_kafka_1;" 390.1MiB / 3.842GiB"
5;26/06/2022 20:06:32;kafka_kafka_1;" 390.8MiB / 3.842GiB"
5;26/06/2022 20:06:43;kafka_kafka_1;" 391.4MiB / 3.842GiB"
5;26/06/2022 20:06:56;kafka_kafka_1;" 392.2MiB / 3.842GiB"
5;26/06/2022 20:07:08;kafka_kafka_1;" 393MiB / 3.842GiB"
5;26/06/2022 20:07:23;kafka_kafka_1;" 393.5MiB / 3.842GiB"
5;26/06/2022 20:07:40;kafka_kafka_1;" 400.1MiB / 3.842GiB"
5;26/06/2022 20:07:57;kafka_kafka_1;" 395.4MiB / 3.842GiB"
5;26/06/2022 20:08:12;kafka_kafka_1;" 396.1MiB / 3.842GiB"
5;26/06/2022 20:08:26;kafka_kafka_1;" 396.8MiB / 3.842GiB"
5;26/06/2022 20:08:36;kafka_kafka_1;" 399MiB / 3.842GiB"
6;26/06/2022 20:08:53;kafka_kafka_1;" 360MiB / 3.842GiB"
6;26/06/2022 20:08:57;kafka_kafka_1;" 365.4MiB / 3.842GiB"
6;26/06/2022 20:09:01;kafka_kafka_1;" 365.6MiB / 3.842GiB"
6;26/06/2022 20:09:04;kafka_kafka_1;" 366.2MiB / 3.842GiB"
6;26/06/2022 20:09:08;kafka_kafka_1;" 370.6MiB / 3.842GiB"
6;26/06/2022 20:09:13;kafka_kafka_1;" 394.2MiB / 3.842GiB"
6;26/06/2022 20:09:17;kafka_kafka_1;" 388.4MiB / 3.842GiB"
6;26/06/2022 20:09:26;kafka_kafka_1;" 389.3MiB / 3.842GiB"
6;26/06/2022 20:09:35;kafka_kafka_1;" 390MiB / 3.842GiB"
6;26/06/2022 20:09:46;kafka_kafka_1;" 390.3MiB / 3.842GiB"
6;26/06/2022 20:09:58;kafka_kafka_1;" 391.1MiB / 3.842GiB"
6;26/06/2022 20:10:11;kafka_kafka_1;" 391.9MiB / 3.842GiB"
6;26/06/2022 20:10:24;kafka_kafka_1;" 392.5MiB / 3.842GiB"
6;26/06/2022 20:10:36;kafka_kafka_1;" 395.1MiB / 3.842GiB"
6;26/06/2022 20:10:47;kafka_kafka_1;" 393.3MiB / 3.842GiB"
6;26/06/2022 20:10:58;kafka_kafka_1;" 395.1MiB / 3.842GiB"
6;26/06/2022 20:11:11;kafka_kafka_1;" 395.8MiB / 3.842GiB"
6;26/06/2022 20:11:24;kafka_kafka_1;" 396.2MiB / 3.842GiB"
6;26/06/2022 20:11:39;kafka_kafka_1;" 397.1MiB / 3.842GiB"
6;26/06/2022 20:11:56;kafka_kafka_1;" 398MiB / 3.842GiB"
6;26/06/2022 20:12:13;kafka_kafka_1;" 398.8MiB / 3.842GiB"
6;26/06/2022 20:12:28;kafka_kafka_1;" 401MiB / 3.842GiB"
6;26/06/2022 20:12:42;kafka_kafka_1;" 431.4MiB / 3.842GiB"
6;26/06/2022 20:12:52;kafka_kafka_1;" 460.9MiB / 3.842GiB"
7;26/06/2022 20:13:09;kafka_kafka_1;" 361.2MiB / 3.842GiB"
7;26/06/2022 20:13:14;kafka_kafka_1;" 368.1MiB / 3.842GiB"
7;26/06/2022 20:13:17;kafka_kafka_1;" 368.4MiB / 3.842GiB"
7;26/06/2022 20:13:20;kafka_kafka_1;" 368.7MiB / 3.842GiB"
7;26/06/2022 20:13:24;kafka_kafka_1;" 370.7MiB / 3.842GiB"
7;26/06/2022 20:13:28;kafka_kafka_1;" 388.3MiB / 3.842GiB"
7;26/06/2022 20:13:33;kafka_kafka_1;" 374.9MiB / 3.842GiB"
7;26/06/2022 20:13:42;kafka_kafka_1;" 379.3MiB / 3.842GiB"
7;26/06/2022 20:13:52;kafka_kafka_1;" 379.8MiB / 3.842GiB"
7;26/06/2022 20:14:03;kafka_kafka_1;" 380.3MiB / 3.842GiB"
7;26/06/2022 20:14:14;kafka_kafka_1;" 392.9MiB / 3.842GiB"
7;26/06/2022 20:14:27;kafka_kafka_1;" 382.6MiB / 3.842GiB"
7;26/06/2022 20:14:40;kafka_kafka_1;" 384.5MiB / 3.842GiB"
7;26/06/2022 20:14:51;kafka_kafka_1;" 386MiB / 3.842GiB"
7;26/06/2022 20:15:02;kafka_kafka_1;" 384.2MiB / 3.842GiB"
7;26/06/2022 20:15:13;kafka_kafka_1;" 391.8MiB / 3.842GiB"
7;26/06/2022 20:15:26;kafka_kafka_1;" 389.4MiB / 3.842GiB"
7;26/06/2022 20:15:39;kafka_kafka_1;" 390.1MiB / 3.842GiB"
7;26/06/2022 20:15:55;kafka_kafka_1;" 391MiB / 3.842GiB"
7;26/06/2022 20:16:12;kafka_kafka_1;" 394MiB / 3.842GiB"
7;26/06/2022 20:16:28;kafka_kafka_1;" 395MiB / 3.842GiB"
7;26/06/2022 20:16:44;kafka_kafka_1;" 395.8MiB / 3.842GiB"
7;26/06/2022 20:16:58;kafka_kafka_1;" 398.1MiB / 3.842GiB"
7;26/06/2022 20:17:08;kafka_kafka_1;" 399.4MiB / 3.842GiB"
8;26/06/2022 20:17:25;kafka_kafka_1;" 362.3MiB / 3.842GiB"
8;26/06/2022 20:17:28;kafka_kafka_1;" 369MiB / 3.842GiB"
8;26/06/2022 20:17:32;kafka_kafka_1;" 369.2MiB / 3.842GiB"
8;26/06/2022 20:17:35;kafka_kafka_1;" 369.6MiB / 3.842GiB"
8;26/06/2022 20:17:39;kafka_kafka_1;" 373.2MiB / 3.842GiB"
8;26/06/2022 20:17:44;kafka_kafka_1;" 397.5MiB / 3.842GiB"
8;26/06/2022 20:17:49;kafka_kafka_1;" 389.1MiB / 3.842GiB"
8;26/06/2022 20:17:58;kafka_kafka_1;" 390.4MiB / 3.842GiB"
8;26/06/2022 20:18:07;kafka_kafka_1;" 390.9MiB / 3.842GiB"
8;26/06/2022 20:18:18;kafka_kafka_1;" 391.3MiB / 3.842GiB"
8;26/06/2022 20:18:30;kafka_kafka_1;" 392.3MiB / 3.842GiB"
8;26/06/2022 20:18:43;kafka_kafka_1;" 396.4MiB / 3.842GiB"
8;26/06/2022 20:18:56;kafka_kafka_1;" 397MiB / 3.842GiB"
8;26/06/2022 20:19:08;kafka_kafka_1;" 397.7MiB / 3.842GiB"
8;26/06/2022 20:19:19;kafka_kafka_1;" 398.2MiB / 3.842GiB"
8;26/06/2022 20:19:30;kafka_kafka_1;" 395.6MiB / 3.842GiB"
8;26/06/2022 20:19:43;kafka_kafka_1;" 398.7MiB / 3.842GiB"
8;26/06/2022 20:19:56;kafka_kafka_1;" 399.2MiB / 3.842GiB"
8;26/06/2022 20:20:12;kafka_kafka_1;" 400.1MiB / 3.842GiB"
8;26/06/2022 20:20:28;kafka_kafka_1;" 401MiB / 3.842GiB"
8;26/06/2022 20:20:45;kafka_kafka_1;" 401.9MiB / 3.842GiB"
8;26/06/2022 20:21:00;kafka_kafka_1;" 402.7MiB / 3.842GiB"
8;26/06/2022 20:21:14;kafka_kafka_1;" 403.2MiB / 3.842GiB"
8;26/06/2022 20:21:25;kafka_kafka_1;" 404.3MiB / 3.842GiB"
9;26/06/2022 20:21:41;kafka_kafka_1;" 359.1MiB / 3.842GiB"
9;26/06/2022 20:21:46;kafka_kafka_1;" 370.9MiB / 3.842GiB"
9;26/06/2022 20:21:48;kafka_kafka_1;" 368.9MiB / 3.842GiB"
9;26/06/2022 20:21:52;kafka_kafka_1;" 365.9MiB / 3.842GiB"
9;26/06/2022 20:21:55;kafka_kafka_1;" 368.2MiB / 3.842GiB"
9;26/06/2022 20:22:00;kafka_kafka_1;" 393.9MiB / 3.842GiB"
9;26/06/2022 20:22:06;kafka_kafka_1;" 384.1MiB / 3.842GiB"
9;26/06/2022 20:22:14;kafka_kafka_1;" 385.2MiB / 3.842GiB"
9;26/06/2022 20:22:24;kafka_kafka_1;" 385.8MiB / 3.842GiB"
9;26/06/2022 20:22:35;kafka_kafka_1;" 386.3MiB / 3.842GiB"
9;26/06/2022 20:22:46;kafka_kafka_1;" 393.8MiB / 3.842GiB"
9;26/06/2022 20:22:59;kafka_kafka_1;" 390.6MiB / 3.842GiB"
9;26/06/2022 20:23:12;kafka_kafka_1;" 389.4MiB / 3.842GiB"
9;26/06/2022 20:23:24;kafka_kafka_1;" 389.9MiB / 3.842GiB"
9;26/06/2022 20:23:35;kafka_kafka_1;" 393.4MiB / 3.842GiB"
9;26/06/2022 20:23:47;kafka_kafka_1;" 396.8MiB / 3.842GiB"
9;26/06/2022 20:23:59;kafka_kafka_1;" 397.4MiB / 3.842GiB"
9;26/06/2022 20:24:12;kafka_kafka_1;" 397.9MiB / 3.842GiB"
9;26/06/2022 20:24:27;kafka_kafka_1;" 437.4MiB / 3.842GiB"
9;26/06/2022 20:24:44;kafka_kafka_1;" 495.3MiB / 3.842GiB"
9;26/06/2022 20:25:00;kafka_kafka_1;" 549.8MiB / 3.842GiB"
9;26/06/2022 20:25:15;kafka_kafka_1;" 572.3MiB / 3.842GiB"
9;26/06/2022 20:25:29;kafka_kafka_1;" 572.8MiB / 3.842GiB"
9;26/06/2022 20:25:39;kafka_kafka_1;" 573.3MiB / 3.842GiB"
10;26/06/2022 20:25:56;kafka_kafka_1;" 357.4MiB / 3.842GiB"
10;26/06/2022 20:26:00;kafka_kafka_1;" 366.5MiB / 3.842GiB"
10;26/06/2022 20:26:04;kafka_kafka_1;" 366.7MiB / 3.842GiB"
10;26/06/2022 20:26:07;kafka_kafka_1;" 367.1MiB / 3.842GiB"
10;26/06/2022 20:26:10;kafka_kafka_1;" 369.6MiB / 3.842GiB"
10;26/06/2022 20:26:15;kafka_kafka_1;" 389.1MiB / 3.842GiB"
10;26/06/2022 20:26:20;kafka_kafka_1;" 385.6MiB / 3.842GiB"
10;26/06/2022 20:26:29;kafka_kafka_1;" 379.6MiB / 3.842GiB"
10;26/06/2022 20:26:38;kafka_kafka_1;" 392.7MiB / 3.842GiB"
10;26/06/2022 20:26:49;kafka_kafka_1;" 380.2MiB / 3.842GiB"
10;26/06/2022 20:27:00;kafka_kafka_1;" 385.3MiB / 3.842GiB"
10;26/06/2022 20:27:13;kafka_kafka_1;" 391.3MiB / 3.842GiB"
10;26/06/2022 20:27:26;kafka_kafka_1;" 386MiB / 3.842GiB"
10;26/06/2022 20:27:38;kafka_kafka_1;" 388.1MiB / 3.842GiB"
10;26/06/2022 20:27:49;kafka_kafka_1;" 388.6MiB / 3.842GiB"
10;26/06/2022 20:28:01;kafka_kafka_1;" 393MiB / 3.842GiB"
10;26/06/2022 20:28:12;kafka_kafka_1;" 390.3MiB / 3.842GiB"
10;26/06/2022 20:28:25;kafka_kafka_1;" 390.9MiB / 3.842GiB"
10;26/06/2022 20:28:41;kafka_kafka_1;" 391.7MiB / 3.842GiB"
10;26/06/2022 20:28:58;kafka_kafka_1;" 392.6MiB / 3.842GiB"
10;26/06/2022 20:29:14;kafka_kafka_1;" 433.9MiB / 3.842GiB"
10;26/06/2022 20:29:28;kafka_kafka_1;" 481.8MiB / 3.842GiB"
10;26/06/2022 20:29:42;kafka_kafka_1;" 525.9MiB / 3.842GiB"
10;26/06/2022 20:29:53;kafka_kafka_1;" 555.7MiB / 3.842GiB"
11;26/06/2022 20:30:08;kafka_kafka_1;" 356MiB / 3.842GiB"
11;26/06/2022 20:30:13;kafka_kafka_1;" 369.5MiB / 3.842GiB"
11;26/06/2022 20:30:16;kafka_kafka_1;" 369.8MiB / 3.842GiB"
11;26/06/2022 20:30:20;kafka_kafka_1;" 370.1MiB / 3.842GiB"
11;26/06/2022 20:30:23;kafka_kafka_1;" 372.9MiB / 3.842GiB"
11;26/06/2022 20:30:28;kafka_kafka_1;" 373.5MiB / 3.842GiB"
11;26/06/2022 20:30:34;kafka_kafka_1;" 374.2MiB / 3.842GiB"
11;26/06/2022 20:30:42;kafka_kafka_1;" 384.7MiB / 3.842GiB"
11;26/06/2022 20:30:52;kafka_kafka_1;" 385.3MiB / 3.842GiB"
11;26/06/2022 20:31:03;kafka_kafka_1;" 385.8MiB / 3.842GiB"
11;26/06/2022 20:31:14;kafka_kafka_1;" 391.8MiB / 3.842GiB"
11;26/06/2022 20:31:27;kafka_kafka_1;" 392.7MiB / 3.842GiB"
11;26/06/2022 20:31:40;kafka_kafka_1;" 388.3MiB / 3.842GiB"
11;26/06/2022 20:31:52;kafka_kafka_1;" 388.7MiB / 3.842GiB"
11;26/06/2022 20:32:03;kafka_kafka_1;" 389.6MiB / 3.842GiB"
11;26/06/2022 20:32:15;kafka_kafka_1;" 391.8MiB / 3.842GiB"
11;26/06/2022 20:32:27;kafka_kafka_1;" 392.4MiB / 3.842GiB"
11;26/06/2022 20:32:40;kafka_kafka_1;" 401.3MiB / 3.842GiB"
11;26/06/2022 20:32:56;kafka_kafka_1;" 392.2MiB / 3.842GiB"
11;26/06/2022 20:33:12;kafka_kafka_1;" 393.1MiB / 3.842GiB"
11;26/06/2022 20:33:29;kafka_kafka_1;" 394MiB / 3.842GiB"
11;26/06/2022 20:33:44;kafka_kafka_1;" 395.5MiB / 3.842GiB"
11;26/06/2022 20:33:58;kafka_kafka_1;" 397MiB / 3.842GiB"
11;26/06/2022 20:34:09;kafka_kafka_1;" 399.3MiB / 3.842GiB"
12;26/06/2022 20:34:25;kafka_kafka_1;" 359MiB / 3.842GiB"
12;26/06/2022 20:34:29;kafka_kafka_1;" 365.8MiB / 3.842GiB"
12;26/06/2022 20:34:32;kafka_kafka_1;" 366.1MiB / 3.842GiB"
12;26/06/2022 20:34:35;kafka_kafka_1;" 366.5MiB / 3.842GiB"
12;26/06/2022 20:34:38;kafka_kafka_1;" 371.5MiB / 3.842GiB"
12;26/06/2022 20:34:44;kafka_kafka_1;" 393.8MiB / 3.842GiB"
12;26/06/2022 20:34:49;kafka_kafka_1;" 388.8MiB / 3.842GiB"
12;26/06/2022 20:34:57;kafka_kafka_1;" 389.8MiB / 3.842GiB"
12;26/06/2022 20:35:07;kafka_kafka_1;" 380.2MiB / 3.842GiB"
12;26/06/2022 20:35:18;kafka_kafka_1;" 380.8MiB / 3.842GiB"
12;26/06/2022 20:35:30;kafka_kafka_1;" 393.9MiB / 3.842GiB"
12;26/06/2022 20:35:43;kafka_kafka_1;" 382.8MiB / 3.842GiB"
12;26/06/2022 20:35:56;kafka_kafka_1;" 388MiB / 3.842GiB"
12;26/06/2022 20:36:07;kafka_kafka_1;" 384.5MiB / 3.842GiB"
12;26/06/2022 20:36:19;kafka_kafka_1;" 392.8MiB / 3.842GiB"
12;26/06/2022 20:36:30;kafka_kafka_1;" 393.4MiB / 3.842GiB"
12;26/06/2022 20:36:42;kafka_kafka_1;" 394.4MiB / 3.842GiB"
12;26/06/2022 20:36:56;kafka_kafka_1;" 395MiB / 3.842GiB"
12;26/06/2022 20:37:11;kafka_kafka_1;" 395.8MiB / 3.842GiB"
12;26/06/2022 20:37:28;kafka_kafka_1;" 396.7MiB / 3.842GiB"
12;26/06/2022 20:37:45;kafka_kafka_1;" 398.1MiB / 3.842GiB"
12;26/06/2022 20:38:00;kafka_kafka_1;" 399.8MiB / 3.842GiB"
12;26/06/2022 20:38:14;kafka_kafka_1;" 402.4MiB / 3.842GiB"
12;26/06/2022 20:38:24;kafka_kafka_1;" 402.8MiB / 3.842GiB"
13;26/06/2022 20:38:41;kafka_kafka_1;" 363.2MiB / 3.842GiB"
13;26/06/2022 20:38:45;kafka_kafka_1;" 370MiB / 3.842GiB"
13;26/06/2022 20:38:49;kafka_kafka_1;" 370.4MiB / 3.842GiB"
13;26/06/2022 20:38:52;kafka_kafka_1;" 370.7MiB / 3.842GiB"
13;26/06/2022 20:38:56;kafka_kafka_1;" 373.3MiB / 3.842GiB"
13;26/06/2022 20:39:01;kafka_kafka_1;" 394.5MiB / 3.842GiB"
13;26/06/2022 20:39:06;kafka_kafka_1;" 390.4MiB / 3.842GiB"
13;26/06/2022 20:39:15;kafka_kafka_1;" 386MiB / 3.842GiB"
13;26/06/2022 20:39:24;kafka_kafka_1;" 381.4MiB / 3.842GiB"
13;26/06/2022 20:39:35;kafka_kafka_1;" 382MiB / 3.842GiB"
13;26/06/2022 20:39:47;kafka_kafka_1;" 387.6MiB / 3.842GiB"
13;26/06/2022 20:39:59;kafka_kafka_1;" 396.9MiB / 3.842GiB"
13;26/06/2022 20:40:11;kafka_kafka_1;" 390.2MiB / 3.842GiB"
13;26/06/2022 20:40:23;kafka_kafka_1;" 390.8MiB / 3.842GiB"
13;26/06/2022 20:40:35;kafka_kafka_1;" 391.4MiB / 3.842GiB"
13;26/06/2022 20:40:45;kafka_kafka_1;" 404.6MiB / 3.842GiB"
13;26/06/2022 20:40:57;kafka_kafka_1;" 391.7MiB / 3.842GiB"
13;26/06/2022 20:41:11;kafka_kafka_1;" 392.3MiB / 3.842GiB"
13;26/06/2022 20:41:26;kafka_kafka_1;" 393.1MiB / 3.842GiB"
13;26/06/2022 20:41:43;kafka_kafka_1;" 395MiB / 3.842GiB"
13;26/06/2022 20:42:00;kafka_kafka_1;" 395.9MiB / 3.842GiB"
13;26/06/2022 20:42:14;kafka_kafka_1;" 397.2MiB / 3.842GiB"
13;26/06/2022 20:42:27;kafka_kafka_1;" 430MiB / 3.842GiB"
13;26/06/2022 20:42:37;kafka_kafka_1;" 459.4MiB / 3.842GiB"
14;26/06/2022 20:42:54;kafka_kafka_1;" 356.9MiB / 3.842GiB"
14;26/06/2022 20:42:58;kafka_kafka_1;" 371.8MiB / 3.842GiB"
14;26/06/2022 20:43:02;kafka_kafka_1;" 364.1MiB / 3.842GiB"
14;26/06/2022 20:43:05;kafka_kafka_1;" 366.6MiB / 3.842GiB"
14;26/06/2022 20:43:09;kafka_kafka_1;" 366.1MiB / 3.842GiB"
14;26/06/2022 20:43:14;kafka_kafka_1;" 391.5MiB / 3.842GiB"
14;26/06/2022 20:43:19;kafka_kafka_1;" 376.1MiB / 3.842GiB"
14;26/06/2022 20:43:28;kafka_kafka_1;" 384.6MiB / 3.842GiB"
14;26/06/2022 20:43:37;kafka_kafka_1;" 383.1MiB / 3.842GiB"
14;26/06/2022 20:43:48;kafka_kafka_1;" 383.6MiB / 3.842GiB"
14;26/06/2022 20:44:00;kafka_kafka_1;" 395.8MiB / 3.842GiB"
14;26/06/2022 20:44:12;kafka_kafka_1;" 385.2MiB / 3.842GiB"
14;26/06/2022 20:44:25;kafka_kafka_1;" 389.9MiB / 3.842GiB"
14;26/06/2022 20:44:37;kafka_kafka_1;" 386.4MiB / 3.842GiB"
14;26/06/2022 20:44:48;kafka_kafka_1;" 392.1MiB / 3.842GiB"
14;26/06/2022 20:45:00;kafka_kafka_1;" 387.7MiB / 3.842GiB"
14;26/06/2022 20:45:13;kafka_kafka_1;" 391.3MiB / 3.842GiB"
14;26/06/2022 20:45:26;kafka_kafka_1;" 391.8MiB / 3.842GiB"
14;26/06/2022 20:45:42;kafka_kafka_1;" 392.7MiB / 3.842GiB"
14;26/06/2022 20:45:58;kafka_kafka_1;" 395.8MiB / 3.842GiB"
14;26/06/2022 20:46:15;kafka_kafka_1;" 396.7MiB / 3.842GiB"
14;26/06/2022 20:46:30;kafka_kafka_1;" 397.5MiB / 3.842GiB"
14;26/06/2022 20:46:45;kafka_kafka_1;" 398.6MiB / 3.842GiB"
14;26/06/2022 20:46:55;kafka_kafka_1;" 401MiB / 3.842GiB"
15;26/06/2022 20:47:12;kafka_kafka_1;" 357MiB / 3.842GiB"
15;26/06/2022 20:47:16;kafka_kafka_1;" 364.7MiB / 3.842GiB"
15;26/06/2022 20:47:20;kafka_kafka_1;" 365.1MiB / 3.842GiB"
15;26/06/2022 20:47:23;kafka_kafka_1;" 365.7MiB / 3.842GiB"
15;26/06/2022 20:47:26;kafka_kafka_1;" 367.5MiB / 3.842GiB"
15;26/06/2022 20:47:31;kafka_kafka_1;" 390.7MiB / 3.842GiB"
15;26/06/2022 20:47:36;kafka_kafka_1;" 388.8MiB / 3.842GiB"
15;26/06/2022 20:47:45;kafka_kafka_1;" 386.3MiB / 3.842GiB"
15;26/06/2022 20:47:54;kafka_kafka_1;" 386.9MiB / 3.842GiB"
15;26/06/2022 20:48:05;kafka_kafka_1;" 387.4MiB / 3.842GiB"
15;26/06/2022 20:48:17;kafka_kafka_1;" 388MiB / 3.842GiB"
15;26/06/2022 20:48:29;kafka_kafka_1;" 395.2MiB / 3.842GiB"
15;26/06/2022 20:48:42;kafka_kafka_1;" 391.7MiB / 3.842GiB"
15;26/06/2022 20:48:54;kafka_kafka_1;" 392.1MiB / 3.842GiB"
15;26/06/2022 20:49:05;kafka_kafka_1;" 392.8MiB / 3.842GiB"
15;26/06/2022 20:49:17;kafka_kafka_1;" 399.6MiB / 3.842GiB"
15;26/06/2022 20:49:29;kafka_kafka_1;" 404.3MiB / 3.842GiB"
15;26/06/2022 20:49:43;kafka_kafka_1;" 394.8MiB / 3.842GiB"
15;26/06/2022 20:49:58;kafka_kafka_1;" 395.4MiB / 3.842GiB"
15;26/06/2022 20:50:15;kafka_kafka_1;" 396.5MiB / 3.842GiB"
15;26/06/2022 20:50:32;kafka_kafka_1;" 397.3MiB / 3.842GiB"
15;26/06/2022 20:50:47;kafka_kafka_1;" 398MiB / 3.842GiB"
15;26/06/2022 20:51:01;kafka_kafka_1;" 399.4MiB / 3.842GiB"
15;26/06/2022 20:51:11;kafka_kafka_1;" 400.7MiB / 3.842GiB"
16;26/06/2022 20:51:28;kafka_kafka_1;" 358.6MiB / 3.842GiB"
16;26/06/2022 20:51:32;kafka_kafka_1;" 365.6MiB / 3.842GiB"
16;26/06/2022 20:51:36;kafka_kafka_1;" 366MiB / 3.842GiB"
16;26/06/2022 20:51:39;kafka_kafka_1;" 366.3MiB / 3.842GiB"
16;26/06/2022 20:51:43;kafka_kafka_1;" 369.9MiB / 3.842GiB"
16;26/06/2022 20:51:48;kafka_kafka_1;" 392.6MiB / 3.842GiB"
16;26/06/2022 20:51:53;kafka_kafka_1;" 382.3MiB / 3.842GiB"
16;26/06/2022 20:52:02;kafka_kafka_1;" 383.5MiB / 3.842GiB"
16;26/06/2022 20:52:12;kafka_kafka_1;" 384.1MiB / 3.842GiB"
16;26/06/2022 20:52:23;kafka_kafka_1;" 384.6MiB / 3.842GiB"
16;26/06/2022 20:52:34;kafka_kafka_1;" 388.9MiB / 3.842GiB"
16;26/06/2022 20:52:47;kafka_kafka_1;" 396.2MiB / 3.842GiB"
16;26/06/2022 20:53:00;kafka_kafka_1;" 386.4MiB / 3.842GiB"
16;26/06/2022 20:53:12;kafka_kafka_1;" 387.1MiB / 3.842GiB"
16;26/06/2022 20:53:23;kafka_kafka_1;" 400.9MiB / 3.842GiB"
16;26/06/2022 20:53:35;kafka_kafka_1;" 393.2MiB / 3.842GiB"
16;26/06/2022 20:53:47;kafka_kafka_1;" 397.7MiB / 3.842GiB"
16;26/06/2022 20:54:00;kafka_kafka_1;" 398.4MiB / 3.842GiB"
16;26/06/2022 20:54:16;kafka_kafka_1;" 399.2MiB / 3.842GiB"
16;26/06/2022 20:54:32;kafka_kafka_1;" 400.1MiB / 3.842GiB"
16;26/06/2022 20:54:49;kafka_kafka_1;" 401MiB / 3.842GiB"
16;26/06/2022 20:55:04;kafka_kafka_1;" 403.3MiB / 3.842GiB"
16;26/06/2022 20:55:19;kafka_kafka_1;" 404.7MiB / 3.842GiB"
16;26/06/2022 20:55:29;kafka_kafka_1;" 407MiB / 3.842GiB"
17;26/06/2022 20:55:46;kafka_kafka_1;" 360.9MiB / 3.842GiB"
17;26/06/2022 20:55:50;kafka_kafka_1;" 367.8MiB / 3.842GiB"
17;26/06/2022 20:55:54;kafka_kafka_1;" 368.3MiB / 3.842GiB"
17;26/06/2022 20:55:57;kafka_kafka_1;" 368.7MiB / 3.842GiB"
17;26/06/2022 20:56:01;kafka_kafka_1;" 370.9MiB / 3.842GiB"
17;26/06/2022 20:56:06;kafka_kafka_1;" 392MiB / 3.842GiB"
17;26/06/2022 20:56:11;kafka_kafka_1;" 385.8MiB / 3.842GiB"
17;26/06/2022 20:56:20;kafka_kafka_1;" 386.6MiB / 3.842GiB"
17;26/06/2022 20:56:29;kafka_kafka_1;" 387.2MiB / 3.842GiB"
17;26/06/2022 20:56:40;kafka_kafka_1;" 387.7MiB / 3.842GiB"
17;26/06/2022 20:56:51;kafka_kafka_1;" 392.6MiB / 3.842GiB"
17;26/06/2022 20:57:04;kafka_kafka_1;" 393.5MiB / 3.842GiB"
17;26/06/2022 20:57:17;kafka_kafka_1;" 396.5MiB / 3.842GiB"
17;26/06/2022 20:57:29;kafka_kafka_1;" 397.2MiB / 3.842GiB"
17;26/06/2022 20:57:40;kafka_kafka_1;" 396.6MiB / 3.842GiB"
17;26/06/2022 20:57:51;kafka_kafka_1;" 397.1MiB / 3.842GiB"
17;26/06/2022 20:58:04;kafka_kafka_1;" 397.8MiB / 3.842GiB"
17;26/06/2022 20:58:17;kafka_kafka_1;" 398.3MiB / 3.842GiB"
17;26/06/2022 20:58:33;kafka_kafka_1;" 399.2MiB / 3.842GiB"
17;26/06/2022 20:58:50;kafka_kafka_1;" 400MiB / 3.842GiB"
17;26/06/2022 20:59:06;kafka_kafka_1;" 400.6MiB / 3.842GiB"
17;26/06/2022 20:59:21;kafka_kafka_1;" 401.4MiB / 3.842GiB"
17;26/06/2022 20:59:35;kafka_kafka_1;" 402.7MiB / 3.842GiB"
17;26/06/2022 20:59:45;kafka_kafka_1;" 404MiB / 3.842GiB"
18;26/06/2022 21:00:02;kafka_kafka_1;" 360.2MiB / 3.842GiB"
18;26/06/2022 21:00:06;kafka_kafka_1;" 366.9MiB / 3.842GiB"
18;26/06/2022 21:00:10;kafka_kafka_1;" 367.3MiB / 3.842GiB"
18;26/06/2022 21:00:13;kafka_kafka_1;" 367.8MiB / 3.842GiB"
18;26/06/2022 21:00:17;kafka_kafka_1;" 373.3MiB / 3.842GiB"
18;26/06/2022 21:00:22;kafka_kafka_1;" 377.1MiB / 3.842GiB"
18;26/06/2022 21:00:27;kafka_kafka_1;" 378MiB / 3.842GiB"
18;26/06/2022 21:00:36;kafka_kafka_1;" 385.7MiB / 3.842GiB"
18;26/06/2022 21:00:45;kafka_kafka_1;" 398.9MiB / 3.842GiB"
18;26/06/2022 21:00:56;kafka_kafka_1;" 383MiB / 3.842GiB"
18;26/06/2022 21:01:08;kafka_kafka_1;" 383.6MiB / 3.842GiB"
18;26/06/2022 21:01:21;kafka_kafka_1;" 384.3MiB / 3.842GiB"
18;26/06/2022 21:01:34;kafka_kafka_1;" 389.1MiB / 3.842GiB"
18;26/06/2022 21:01:46;kafka_kafka_1;" 389.9MiB / 3.842GiB"
18;26/06/2022 21:01:57;kafka_kafka_1;" 390.5MiB / 3.842GiB"
18;26/06/2022 21:02:08;kafka_kafka_1;" 395.7MiB / 3.842GiB"
18;26/06/2022 21:02:21;kafka_kafka_1;" 406.6MiB / 3.842GiB"
18;26/06/2022 21:02:34;kafka_kafka_1;" 392MiB / 3.842GiB"
18;26/06/2022 21:02:48;kafka_kafka_1;" 392.8MiB / 3.842GiB"
18;26/06/2022 21:03:05;kafka_kafka_1;" 393.8MiB / 3.842GiB"
18;26/06/2022 21:03:22;kafka_kafka_1;" 394.7MiB / 3.842GiB"
18;26/06/2022 21:03:37;kafka_kafka_1;" 397MiB / 3.842GiB"
18;26/06/2022 21:03:51;kafka_kafka_1;" 399.4MiB / 3.842GiB"
18;26/06/2022 21:04:01;kafka_kafka_1;" 401.7MiB / 3.842GiB"
19;26/06/2022 21:04:17;kafka_kafka_1;" 361.8MiB / 3.842GiB"
19;26/06/2022 21:04:21;kafka_kafka_1;" 372.1MiB / 3.842GiB"
19;26/06/2022 21:04:24;kafka_kafka_1;" 372.3MiB / 3.842GiB"
19;26/06/2022 21:04:27;kafka_kafka_1;" 372.9MiB / 3.842GiB"
19;26/06/2022 21:04:31;kafka_kafka_1;" 375.8MiB / 3.842GiB"
19;26/06/2022 21:04:36;kafka_kafka_1;" 376.3MiB / 3.842GiB"
19;26/06/2022 21:04:40;kafka_kafka_1;" 376.9MiB / 3.842GiB"
19;26/06/2022 21:04:49;kafka_kafka_1;" 393.2MiB / 3.842GiB"
19;26/06/2022 21:04:59;kafka_kafka_1;" 394MiB / 3.842GiB"
19;26/06/2022 21:05:09;kafka_kafka_1;" 394.4MiB / 3.842GiB"
19;26/06/2022 21:05:21;kafka_kafka_1;" 395.8MiB / 3.842GiB"
19;26/06/2022 21:05:33;kafka_kafka_1;" 396.6MiB / 3.842GiB"
19;26/06/2022 21:05:46;kafka_kafka_1;" 397.3MiB / 3.842GiB"
19;26/06/2022 21:05:58;kafka_kafka_1;" 397.9MiB / 3.842GiB"
19;26/06/2022 21:06:09;kafka_kafka_1;" 396.7MiB / 3.842GiB"
19;26/06/2022 21:06:20;kafka_kafka_1;" 397.4MiB / 3.842GiB"
19;26/06/2022 21:06:33;kafka_kafka_1;" 397.9MiB / 3.842GiB"
19;26/06/2022 21:06:46;kafka_kafka_1;" 398.5MiB / 3.842GiB"
19;26/06/2022 21:07:02;kafka_kafka_1;" 399.2MiB / 3.842GiB"
19;26/06/2022 21:07:18;kafka_kafka_1;" 400.3MiB / 3.842GiB"
19;26/06/2022 21:07:35;kafka_kafka_1;" 401.1MiB / 3.842GiB"
19;26/06/2022 21:07:50;kafka_kafka_1;" 402.5MiB / 3.842GiB"
19;26/06/2022 21:08:04;kafka_kafka_1;" 405.6MiB / 3.842GiB"
19;26/06/2022 21:08:15;kafka_kafka_1;" 407.3MiB / 3.842GiB"
20;26/06/2022 21:08:32;kafka_kafka_1;" 356.4MiB / 3.842GiB"
20;26/06/2022 21:08:36;kafka_kafka_1;" 364.6MiB / 3.842GiB"
20;26/06/2022 21:08:40;kafka_kafka_1;" 365MiB / 3.842GiB"
20;26/06/2022 21:08:43;kafka_kafka_1;" 366.2MiB / 3.842GiB"
20;26/06/2022 21:08:47;kafka_kafka_1;" 369.6MiB / 3.842GiB"
20;26/06/2022 21:08:52;kafka_kafka_1;" 394.6MiB / 3.842GiB"
20;26/06/2022 21:08:57;kafka_kafka_1;" 377.4MiB / 3.842GiB"
20;26/06/2022 21:09:05;kafka_kafka_1;" 385.1MiB / 3.842GiB"
20;26/06/2022 21:09:15;kafka_kafka_1;" 381.3MiB / 3.842GiB"
20;26/06/2022 21:09:26;kafka_kafka_1;" 381.7MiB / 3.842GiB"
20;26/06/2022 21:09:37;kafka_kafka_1;" 394.1MiB / 3.842GiB"
20;26/06/2022 21:09:50;kafka_kafka_1;" 389.6MiB / 3.842GiB"
20;26/06/2022 21:10:03;kafka_kafka_1;" 391.3MiB / 3.842GiB"
20;26/06/2022 21:10:15;kafka_kafka_1;" 402.6MiB / 3.842GiB"
20;26/06/2022 21:10:26;kafka_kafka_1;" 390.5MiB / 3.842GiB"
20;26/06/2022 21:10:38;kafka_kafka_1;" 394.5MiB / 3.842GiB"
20;26/06/2022 21:10:51;kafka_kafka_1;" 395MiB / 3.842GiB"
20;26/06/2022 21:11:04;kafka_kafka_1;" 395.6MiB / 3.842GiB"
20;26/06/2022 21:11:19;kafka_kafka_1;" 396.5MiB / 3.842GiB"
20;26/06/2022 21:11:36;kafka_kafka_1;" 397.4MiB / 3.842GiB"
20;26/06/2022 21:11:53;kafka_kafka_1;" 398.2MiB / 3.842GiB"
20;26/06/2022 21:12:08;kafka_kafka_1;" 399MiB / 3.842GiB"
20;26/06/2022 21:12:22;kafka_kafka_1;" 438.4MiB / 3.842GiB"
20;26/06/2022 21:12:32;kafka_kafka_1;" 468MiB / 3.842GiB"
21;26/06/2022 21:12:49;kafka_kafka_1;" 355.5MiB / 3.842GiB"
21;26/06/2022 21:12:53;kafka_kafka_1;" 369.5MiB / 3.842GiB"
21;26/06/2022 21:12:57;kafka_kafka_1;" 369.9MiB / 3.842GiB"
21;26/06/2022 21:13:00;kafka_kafka_1;" 370.2MiB / 3.842GiB"
21;26/06/2022 21:13:04;kafka_kafka_1;" 365.9MiB / 3.842GiB"
21;26/06/2022 21:13:09;kafka_kafka_1;" 391.9MiB / 3.842GiB"
21;26/06/2022 21:13:13;kafka_kafka_1;" 398.3MiB / 3.842GiB"
21;26/06/2022 21:13:22;kafka_kafka_1;" 387.3MiB / 3.842GiB"
21;26/06/2022 21:13:30;kafka_kafka_1;" 387.8MiB / 3.842GiB"
21;26/06/2022 21:13:41;kafka_kafka_1;" 388.3MiB / 3.842GiB"
21;26/06/2022 21:13:53;kafka_kafka_1;" 394.6MiB / 3.842GiB"
21;26/06/2022 21:14:05;kafka_kafka_1;" 391.3MiB / 3.842GiB"
21;26/06/2022 21:14:18;kafka_kafka_1;" 392MiB / 3.842GiB"
21;26/06/2022 21:14:30;kafka_kafka_1;" 391MiB / 3.842GiB"
21;26/06/2022 21:14:41;kafka_kafka_1;" 391.5MiB / 3.842GiB"
21;26/06/2022 21:14:53;kafka_kafka_1;" 393.2MiB / 3.842GiB"
21;26/06/2022 21:15:06;kafka_kafka_1;" 405.3MiB / 3.842GiB"
21;26/06/2022 21:15:19;kafka_kafka_1;" 392.4MiB / 3.842GiB"
21;26/06/2022 21:15:34;kafka_kafka_1;" 393.9MiB / 3.842GiB"
21;26/06/2022 21:15:51;kafka_kafka_1;" 394.7MiB / 3.842GiB"
21;26/06/2022 21:16:08;kafka_kafka_1;" 395.7MiB / 3.842GiB"
21;26/06/2022 21:16:23;kafka_kafka_1;" 397.9MiB / 3.842GiB"
21;26/06/2022 21:16:37;kafka_kafka_1;" 398.4MiB / 3.842GiB"
21;26/06/2022 21:16:48;kafka_kafka_1;" 400MiB / 3.842GiB"
22;26/06/2022 21:17:04;kafka_kafka_1;" 362.6MiB / 3.842GiB"
22;26/06/2022 21:17:09;kafka_kafka_1;" 369.5MiB / 3.842GiB"
22;26/06/2022 21:17:12;kafka_kafka_1;" 369.8MiB / 3.842GiB"
22;26/06/2022 21:17:16;kafka_kafka_1;" 370.2MiB / 3.842GiB"
22;26/06/2022 21:17:19;kafka_kafka_1;" 372.3MiB / 3.842GiB"
22;26/06/2022 21:17:24;kafka_kafka_1;" 372.8MiB / 3.842GiB"
22;26/06/2022 21:17:30;kafka_kafka_1;" 374.4MiB / 3.842GiB"
22;26/06/2022 21:17:38;kafka_kafka_1;" 390.6MiB / 3.842GiB"
22;26/06/2022 21:17:48;kafka_kafka_1;" 384.4MiB / 3.842GiB"
22;26/06/2022 21:17:59;kafka_kafka_1;" 385MiB / 3.842GiB"
22;26/06/2022 21:18:10;kafka_kafka_1;" 385.6MiB / 3.842GiB"
22;26/06/2022 21:18:23;kafka_kafka_1;" 395.5MiB / 3.842GiB"
22;26/06/2022 21:18:36;kafka_kafka_1;" 394.7MiB / 3.842GiB"
22;26/06/2022 21:18:48;kafka_kafka_1;" 395.4MiB / 3.842GiB"
22;26/06/2022 21:18:59;kafka_kafka_1;" 395.5MiB / 3.842GiB"
22;26/06/2022 21:19:10;kafka_kafka_1;" 396MiB / 3.842GiB"
22;26/06/2022 21:19:23;kafka_kafka_1;" 399.4MiB / 3.842GiB"
22;26/06/2022 21:19:36;kafka_kafka_1;" 400.2MiB / 3.842GiB"
22;26/06/2022 21:19:51;kafka_kafka_1;" 401MiB / 3.842GiB"
22;26/06/2022 21:20:08;kafka_kafka_1;" 401.7MiB / 3.842GiB"
22;26/06/2022 21:20:25;kafka_kafka_1;" 402.6MiB / 3.842GiB"
22;26/06/2022 21:20:40;kafka_kafka_1;" 403.3MiB / 3.842GiB"
22;26/06/2022 21:20:54;kafka_kafka_1;" 405.8MiB / 3.842GiB"
22;26/06/2022 21:21:05;kafka_kafka_1;" 407MiB / 3.842GiB"
23;26/06/2022 21:21:21;kafka_kafka_1;" 358.6MiB / 3.842GiB"
23;26/06/2022 21:21:26;kafka_kafka_1;" 368.5MiB / 3.842GiB"
23;26/06/2022 21:21:29;kafka_kafka_1;" 367MiB / 3.842GiB"
23;26/06/2022 21:21:32;kafka_kafka_1;" 367.2MiB / 3.842GiB"
23;26/06/2022 21:21:35;kafka_kafka_1;" 368.8MiB / 3.842GiB"
23;26/06/2022 21:21:40;kafka_kafka_1;" 394.6MiB / 3.842GiB"
23;26/06/2022 21:21:45;kafka_kafka_1;" 385.5MiB / 3.842GiB"
23;26/06/2022 21:21:54;kafka_kafka_1;" 383.4MiB / 3.842GiB"
23;26/06/2022 21:22:04;kafka_kafka_1;" 379.1MiB / 3.842GiB"
23;26/06/2022 21:22:15;kafka_kafka_1;" 379.6MiB / 3.842GiB"
23;26/06/2022 21:22:26;kafka_kafka_1;" 390.8MiB / 3.842GiB"
23;26/06/2022 21:22:39;kafka_kafka_1;" 383.9MiB / 3.842GiB"
23;26/06/2022 21:22:52;kafka_kafka_1;" 389.9MiB / 3.842GiB"
23;26/06/2022 21:23:04;kafka_kafka_1;" 384.8MiB / 3.842GiB"
23;26/06/2022 21:23:15;kafka_kafka_1;" 385.3MiB / 3.842GiB"
23;26/06/2022 21:23:26;kafka_kafka_1;" 403.2MiB / 3.842GiB"
23;26/06/2022 21:23:39;kafka_kafka_1;" 396.7MiB / 3.842GiB"
23;26/06/2022 21:23:52;kafka_kafka_1;" 397.5MiB / 3.842GiB"
23;26/06/2022 21:24:08;kafka_kafka_1;" 398.2MiB / 3.842GiB"
23;26/06/2022 21:24:24;kafka_kafka_1;" 399.2MiB / 3.842GiB"
23;26/06/2022 21:24:41;kafka_kafka_1;" 400.6MiB / 3.842GiB"
23;26/06/2022 21:24:56;kafka_kafka_1;" 402.1MiB / 3.842GiB"
23;26/06/2022 21:25:10;kafka_kafka_1;" 403.7MiB / 3.842GiB"
23;26/06/2022 21:25:21;kafka_kafka_1;" 405.1MiB / 3.842GiB"
24;26/06/2022 21:25:38;kafka_kafka_1;" 358.1MiB / 3.842GiB"
24;26/06/2022 21:25:41;kafka_kafka_1;" 367.6MiB / 3.842GiB"
24;26/06/2022 21:25:45;kafka_kafka_1;" 367.9MiB / 3.842GiB"
24;26/06/2022 21:25:48;kafka_kafka_1;" 368.4MiB / 3.842GiB"
24;26/06/2022 21:25:51;kafka_kafka_1;" 372.3MiB / 3.842GiB"
24;26/06/2022 21:25:56;kafka_kafka_1;" 397MiB / 3.842GiB"
24;26/06/2022 21:26:01;kafka_kafka_1;" 391.6MiB / 3.842GiB"
24;26/06/2022 21:26:10;kafka_kafka_1;" 392.5MiB / 3.842GiB"
24;26/06/2022 21:26:18;kafka_kafka_1;" 393MiB / 3.842GiB"
24;26/06/2022 21:26:29;kafka_kafka_1;" 395.4MiB / 3.842GiB"
24;26/06/2022 21:26:41;kafka_kafka_1;" 396.1MiB / 3.842GiB"
24;26/06/2022 21:26:54;kafka_kafka_1;" 396.9MiB / 3.842GiB"
24;26/06/2022 21:27:07;kafka_kafka_1;" 403MiB / 3.842GiB"
24;26/06/2022 21:27:19;kafka_kafka_1;" 397.8MiB / 3.842GiB"
24;26/06/2022 21:27:30;kafka_kafka_1;" 395.9MiB / 3.842GiB"
24;26/06/2022 21:27:41;kafka_kafka_1;" 399.4MiB / 3.842GiB"
24;26/06/2022 21:27:54;kafka_kafka_1;" 399.9MiB / 3.842GiB"
24;26/06/2022 21:28:07;kafka_kafka_1;" 400.5MiB / 3.842GiB"
24;26/06/2022 21:28:22;kafka_kafka_1;" 401.3MiB / 3.842GiB"
24;26/06/2022 21:28:39;kafka_kafka_1;" 402.3MiB / 3.842GiB"
24;26/06/2022 21:28:56;kafka_kafka_1;" 403.1MiB / 3.842GiB"
24;26/06/2022 21:29:11;kafka_kafka_1;" 405.5MiB / 3.842GiB"
24;26/06/2022 21:29:25;kafka_kafka_1;" 437.4MiB / 3.842GiB"
24;26/06/2022 21:29:36;kafka_kafka_1;" 443.9MiB / 3.842GiB"
25;26/06/2022 21:29:52;kafka_kafka_1;" 357.2MiB / 3.842GiB"
25;26/06/2022 21:29:57;kafka_kafka_1;" 364.7MiB / 3.842GiB"
25;26/06/2022 21:30:00;kafka_kafka_1;" 365.1MiB / 3.842GiB"
25;26/06/2022 21:30:04;kafka_kafka_1;" 366.4MiB / 3.842GiB"
25;26/06/2022 21:30:07;kafka_kafka_1;" 368.6MiB / 3.842GiB"
25;26/06/2022 21:30:13;kafka_kafka_1;" 393MiB / 3.842GiB"
25;26/06/2022 21:30:18;kafka_kafka_1;" 376.3MiB / 3.842GiB"
25;26/06/2022 21:30:27;kafka_kafka_1;" 381.9MiB / 3.842GiB"
25;26/06/2022 21:30:35;kafka_kafka_1;" 377.4MiB / 3.842GiB"
25;26/06/2022 21:30:47;kafka_kafka_1;" 377.9MiB / 3.842GiB"
25;26/06/2022 21:30:58;kafka_kafka_1;" 391.6MiB / 3.842GiB"
25;26/06/2022 21:31:11;kafka_kafka_1;" 381.2MiB / 3.842GiB"
25;26/06/2022 21:31:24;kafka_kafka_1;" 384.8MiB / 3.842GiB"
25;26/06/2022 21:31:36;kafka_kafka_1;" 382.4MiB / 3.842GiB"
25;26/06/2022 21:31:47;kafka_kafka_1;" 388.9MiB / 3.842GiB"
25;26/06/2022 21:31:59;kafka_kafka_1;" 385.5MiB / 3.842GiB"
25;26/06/2022 21:32:11;kafka_kafka_1;" 402.8MiB / 3.842GiB"
25;26/06/2022 21:32:24;kafka_kafka_1;" 388.4MiB / 3.842GiB"
25;26/06/2022 21:32:40;kafka_kafka_1;" 389.2MiB / 3.842GiB"
25;26/06/2022 21:32:56;kafka_kafka_1;" 390.2MiB / 3.842GiB"
25;26/06/2022 21:33:13;kafka_kafka_1;" 391.1MiB / 3.842GiB"
25;26/06/2022 21:33:28;kafka_kafka_1;" 391.8MiB / 3.842GiB"
25;26/06/2022 21:33:42;kafka_kafka_1;" 392.3MiB / 3.842GiB"
25;26/06/2022 21:33:53;kafka_kafka_1;" 393.5MiB / 3.842GiB"
26;26/06/2022 21:34:09;kafka_kafka_1;" 359.1MiB / 3.842GiB"
26;26/06/2022 21:34:14;kafka_kafka_1;" 365.9MiB / 3.842GiB"
26;26/06/2022 21:34:18;kafka_kafka_1;" 366.4MiB / 3.842GiB"
26;26/06/2022 21:34:21;kafka_kafka_1;" 366.5MiB / 3.842GiB"
26;26/06/2022 21:34:24;kafka_kafka_1;" 368.5MiB / 3.842GiB"
26;26/06/2022 21:34:30;kafka_kafka_1;" 386.7MiB / 3.842GiB"
26;26/06/2022 21:34:35;kafka_kafka_1;" 381MiB / 3.842GiB"
26;26/06/2022 21:34:43;kafka_kafka_1;" 384.2MiB / 3.842GiB"
26;26/06/2022 21:34:52;kafka_kafka_1;" 381.9MiB / 3.842GiB"
26;26/06/2022 21:35:03;kafka_kafka_1;" 382.4MiB / 3.842GiB"
26;26/06/2022 21:35:15;kafka_kafka_1;" 394.3MiB / 3.842GiB"
26;26/06/2022 21:35:27;kafka_kafka_1;" 387.2MiB / 3.842GiB"
26;26/06/2022 21:35:40;kafka_kafka_1;" 390.3MiB / 3.842GiB"
26;26/06/2022 21:35:50;kafka_kafka_1;" 387.6MiB / 3.842GiB"
26;26/06/2022 21:36:01;kafka_kafka_1;" 389.1MiB / 3.842GiB"
26;26/06/2022 21:36:13;kafka_kafka_1;" 389.9MiB / 3.842GiB"
26;26/06/2022 21:36:25;kafka_kafka_1;" 396.6MiB / 3.842GiB"
26;26/06/2022 21:36:38;kafka_kafka_1;" 390.1MiB / 3.842GiB"
26;26/06/2022 21:36:54;kafka_kafka_1;" 390.8MiB / 3.842GiB"
26;26/06/2022 21:37:10;kafka_kafka_1;" 392.8MiB / 3.842GiB"
26;26/06/2022 21:37:27;kafka_kafka_1;" 394.3MiB / 3.842GiB"
26;26/06/2022 21:37:42;kafka_kafka_1;" 396.7MiB / 3.842GiB"
26;26/06/2022 21:37:56;kafka_kafka_1;" 399.1MiB / 3.842GiB"
26;26/06/2022 21:38:06;kafka_kafka_1;" 399.7MiB / 3.842GiB"
27;26/06/2022 21:38:23;kafka_kafka_1;" 359.5MiB / 3.842GiB"
27;26/06/2022 21:38:28;kafka_kafka_1;" 367.7MiB / 3.842GiB"
27;26/06/2022 21:38:30;kafka_kafka_1;" 368MiB / 3.842GiB"
27;26/06/2022 21:38:33;kafka_kafka_1;" 368.3MiB / 3.842GiB"
27;26/06/2022 21:38:36;kafka_kafka_1;" 370.3MiB / 3.842GiB"
27;26/06/2022 21:38:41;kafka_kafka_1;" 390MiB / 3.842GiB"
27;26/06/2022 21:38:46;kafka_kafka_1;" 387.4MiB / 3.842GiB"
27;26/06/2022 21:38:55;kafka_kafka_1;" 388.4MiB / 3.842GiB"
27;26/06/2022 21:39:05;kafka_kafka_1;" 388.9MiB / 3.842GiB"
27;26/06/2022 21:39:16;kafka_kafka_1;" 389.4MiB / 3.842GiB"
27;26/06/2022 21:39:27;kafka_kafka_1;" 398.5MiB / 3.842GiB"
27;26/06/2022 21:39:40;kafka_kafka_1;" 392.9MiB / 3.842GiB"
27;26/06/2022 21:39:52;kafka_kafka_1;" 393.7MiB / 3.842GiB"
27;26/06/2022 21:40:04;kafka_kafka_1;" 394.1MiB / 3.842GiB"
27;26/06/2022 21:40:15;kafka_kafka_1;" 394.1MiB / 3.842GiB"
27;26/06/2022 21:40:27;kafka_kafka_1;" 394.6MiB / 3.842GiB"
27;26/06/2022 21:40:39;kafka_kafka_1;" 400.3MiB / 3.842GiB"
27;26/06/2022 21:40:52;kafka_kafka_1;" 401.1MiB / 3.842GiB"
27;26/06/2022 21:41:08;kafka_kafka_1;" 402MiB / 3.842GiB"
27;26/06/2022 21:41:25;kafka_kafka_1;" 402.9MiB / 3.842GiB"
27;26/06/2022 21:41:42;kafka_kafka_1;" 403.7MiB / 3.842GiB"
27;26/06/2022 21:41:57;kafka_kafka_1;" 404.5MiB / 3.842GiB"
27;26/06/2022 21:42:11;kafka_kafka_1;" 405.6MiB / 3.842GiB"
27;26/06/2022 21:42:21;kafka_kafka_1;" 406.8MiB / 3.842GiB"
28;26/06/2022 21:42:38;kafka_kafka_1;" 360.9MiB / 3.842GiB"
28;26/06/2022 21:42:42;kafka_kafka_1;" 367.8MiB / 3.842GiB"
28;26/06/2022 21:42:46;kafka_kafka_1;" 368.1MiB / 3.842GiB"
28;26/06/2022 21:42:49;kafka_kafka_1;" 368.4MiB / 3.842GiB"
28;26/06/2022 21:42:53;kafka_kafka_1;" 371.1MiB / 3.842GiB"
28;26/06/2022 21:42:58;kafka_kafka_1;" 388MiB / 3.842GiB"
28;26/06/2022 21:43:03;kafka_kafka_1;" 376.5MiB / 3.842GiB"
28;26/06/2022 21:43:12;kafka_kafka_1;" 377.2MiB / 3.842GiB"
28;26/06/2022 21:43:21;kafka_kafka_1;" 377.6MiB / 3.842GiB"
28;26/06/2022 21:43:32;kafka_kafka_1;" 378.1MiB / 3.842GiB"
28;26/06/2022 21:43:44;kafka_kafka_1;" 383.3MiB / 3.842GiB"
28;26/06/2022 21:43:57;kafka_kafka_1;" 393.2MiB / 3.842GiB"
28;26/06/2022 21:44:10;kafka_kafka_1;" 383.2MiB / 3.842GiB"
28;26/06/2022 21:44:21;kafka_kafka_1;" 383.9MiB / 3.842GiB"
28;26/06/2022 21:44:32;kafka_kafka_1;" 396.7MiB / 3.842GiB"
28;26/06/2022 21:44:43;kafka_kafka_1;" 395.6MiB / 3.842GiB"
28;26/06/2022 21:44:56;kafka_kafka_1;" 403MiB / 3.842GiB"
28;26/06/2022 21:45:09;kafka_kafka_1;" 395.8MiB / 3.842GiB"
28;26/06/2022 21:45:25;kafka_kafka_1;" 396.6MiB / 3.842GiB"
28;26/06/2022 21:45:41;kafka_kafka_1;" 397.5MiB / 3.842GiB"
28;26/06/2022 21:45:57;kafka_kafka_1;" 398.3MiB / 3.842GiB"
28;26/06/2022 21:46:12;kafka_kafka_1;" 400.6MiB / 3.842GiB"
28;26/06/2022 21:46:27;kafka_kafka_1;" 403.2MiB / 3.842GiB"
28;26/06/2022 21:46:37;kafka_kafka_1;" 405.4MiB / 3.842GiB"
29;26/06/2022 21:46:54;kafka_kafka_1;" 364.8MiB / 3.842GiB"
29;26/06/2022 21:46:58;kafka_kafka_1;" 374.6MiB / 3.842GiB"
29;26/06/2022 21:47:02;kafka_kafka_1;" 375MiB / 3.842GiB"
29;26/06/2022 21:47:05;kafka_kafka_1;" 370.9MiB / 3.842GiB"
29;26/06/2022 21:47:09;kafka_kafka_1;" 372.9MiB / 3.842GiB"
29;26/06/2022 21:47:14;kafka_kafka_1;" 393.9MiB / 3.842GiB"
29;26/06/2022 21:47:19;kafka_kafka_1;" 379.7MiB / 3.842GiB"
29;26/06/2022 21:47:28;kafka_kafka_1;" 386.1MiB / 3.842GiB"
29;26/06/2022 21:47:37;kafka_kafka_1;" 380.8MiB / 3.842GiB"
29;26/06/2022 21:47:48;kafka_kafka_1;" 381.4MiB / 3.842GiB"
29;26/06/2022 21:48:00;kafka_kafka_1;" 388.9MiB / 3.842GiB"
29;26/06/2022 21:48:13;kafka_kafka_1;" 396.7MiB / 3.842GiB"
29;26/06/2022 21:48:25;kafka_kafka_1;" 397.2MiB / 3.842GiB"
29;26/06/2022 21:48:37;kafka_kafka_1;" 391.4MiB / 3.842GiB"
29;26/06/2022 21:48:48;kafka_kafka_1;" 394.7MiB / 3.842GiB"
29;26/06/2022 21:48:59;kafka_kafka_1;" 395.1MiB / 3.842GiB"
29;26/06/2022 21:49:12;kafka_kafka_1;" 393.3MiB / 3.842GiB"
29;26/06/2022 21:49:25;kafka_kafka_1;" 394.1MiB / 3.842GiB"
29;26/06/2022 21:49:41;kafka_kafka_1;" 394.7MiB / 3.842GiB"
29;26/06/2022 21:49:57;kafka_kafka_1;" 395.7MiB / 3.842GiB"
29;26/06/2022 21:50:14;kafka_kafka_1;" 396.5MiB / 3.842GiB"
29;26/06/2022 21:50:29;kafka_kafka_1;" 398.1MiB / 3.842GiB"
29;26/06/2022 21:50:43;kafka_kafka_1;" 400.5MiB / 3.842GiB"
29;26/06/2022 21:50:54;kafka_kafka_1;" 401.8MiB / 3.842GiB"
