0;26/06/2022 17:55:01;rabbitmq; 224.6MiB / 3.842GiB
0;26/06/2022 17:55:04;rabbitmq; 275MiB / 3.842GiB
0;26/06/2022 17:55:07;rabbitmq; 322.7MiB / 3.842GiB
0;26/06/2022 17:55:09;rabbitmq; 325.4MiB / 3.842GiB
0;26/06/2022 17:55:11;rabbitmq; 332.3MiB / 3.842GiB
0;26/06/2022 17:55:15;rabbitmq; 367.3MiB / 3.842GiB
0;26/06/2022 17:55:18;rabbitmq; 451.7MiB / 3.842GiB
0;26/06/2022 17:55:24;rabbitmq; 609.9MiB / 3.842GiB
0;26/06/2022 17:55:32;rabbitmq; 862.7MiB / 3.842GiB
0;26/06/2022 17:55:40;rabbitmq; 574.3MiB / 3.842GiB
0;26/06/2022 17:55:48;rabbitmq; 797MiB / 3.842GiB
0;26/06/2022 17:55:58;rabbitmq; 478.1MiB / 3.842GiB
0;26/06/2022 17:56:07;rabbitmq; 787.6MiB / 3.842GiB
0;26/06/2022 17:56:16;rabbitmq; 498.5MiB / 3.842GiB
0;26/06/2022 17:56:25;rabbitmq; 772.7MiB / 3.842GiB
0;26/06/2022 17:56:33;rabbitmq; 588.5MiB / 3.842GiB
0;26/06/2022 17:56:42;rabbitmq; 550.6MiB / 3.842GiB
0;26/06/2022 17:56:52;rabbitmq; 699.5MiB / 3.842GiB
0;26/06/2022 17:57:04;rabbitmq; 719.5MiB / 3.842GiB
0;26/06/2022 17:57:17;rabbitmq; 674.5MiB / 3.842GiB
0;26/06/2022 17:57:30;rabbitmq; 608.8MiB / 3.842GiB
0;26/06/2022 17:57:41;rabbitmq; 915.1MiB / 3.842GiB
0;26/06/2022 17:57:51;rabbitmq; 742MiB / 3.842GiB
0;26/06/2022 17:57:59;rabbitmq; 726.9MiB / 3.842GiB
1;26/06/2022 17:58:22;rabbitmq; 225MiB / 3.842GiB
1;26/06/2022 17:58:25;rabbitmq; 280.3MiB / 3.842GiB
1;26/06/2022 17:58:27;rabbitmq; 302.6MiB / 3.842GiB
1;26/06/2022 17:58:29;rabbitmq; 294.5MiB / 3.842GiB
1;26/06/2022 17:58:32;rabbitmq; 348.2MiB / 3.842GiB
1;26/06/2022 17:58:35;rabbitmq; 419.9MiB / 3.842GiB
1;26/06/2022 17:58:38;rabbitmq; 449.9MiB / 3.842GiB
1;26/06/2022 17:58:44;rabbitmq; 641.5MiB / 3.842GiB
1;26/06/2022 17:58:51;rabbitmq; 916.7MiB / 3.842GiB
1;26/06/2022 17:58:59;rabbitmq; 551.8MiB / 3.842GiB
1;26/06/2022 17:59:07;rabbitmq; 811.7MiB / 3.842GiB
1;26/06/2022 17:59:18;rabbitmq; 498.9MiB / 3.842GiB
1;26/06/2022 17:59:27;rabbitmq; 704.3MiB / 3.842GiB
1;26/06/2022 17:59:35;rabbitmq; 850.4MiB / 3.842GiB
1;26/06/2022 17:59:44;rabbitmq; 641.9MiB / 3.842GiB
1;26/06/2022 17:59:52;rabbitmq; 839.5MiB / 3.842GiB
1;26/06/2022 18:00:03;rabbitmq; 599.1MiB / 3.842GiB
1;26/06/2022 18:00:13;rabbitmq; 830.8MiB / 3.842GiB
1;26/06/2022 18:00:26;rabbitmq; 587.8MiB / 3.842GiB
1;26/06/2022 18:00:38;rabbitmq; 1.082GiB / 3.842GiB
1;26/06/2022 18:00:51;rabbitmq; 704.9MiB / 3.842GiB
1;26/06/2022 18:01:01;rabbitmq; 878MiB / 3.842GiB
1;26/06/2022 18:01:11;rabbitmq; 515.2MiB / 3.842GiB
1;26/06/2022 18:01:19;rabbitmq; 724MiB / 3.842GiB
2;26/06/2022 18:01:42;rabbitmq; 221.8MiB / 3.842GiB
2;26/06/2022 18:01:45;rabbitmq; 274.6MiB / 3.842GiB
2;26/06/2022 18:01:47;rabbitmq; 317MiB / 3.842GiB
2;26/06/2022 18:01:49;rabbitmq; 309.6MiB / 3.842GiB
2;26/06/2022 18:01:51;rabbitmq; 351MiB / 3.842GiB
2;26/06/2022 18:01:55;rabbitmq; 419.8MiB / 3.842GiB
2;26/06/2022 18:01:58;rabbitmq; 512.6MiB / 3.842GiB
2;26/06/2022 18:02:04;rabbitmq; 690.1MiB / 3.842GiB
2;26/06/2022 18:02:12;rabbitmq; 796.3MiB / 3.842GiB
2;26/06/2022 18:02:20;rabbitmq; 552MiB / 3.842GiB
2;26/06/2022 18:02:28;rabbitmq; 562.2MiB / 3.842GiB
2;26/06/2022 18:02:38;rabbitmq; 836.2MiB / 3.842GiB
2;26/06/2022 18:02:49;rabbitmq; 528.4MiB / 3.842GiB
2;26/06/2022 18:02:58;rabbitmq; 781.9MiB / 3.842GiB
2;26/06/2022 18:03:06;rabbitmq; 1.014GiB / 3.842GiB
2;26/06/2022 18:03:15;rabbitmq; 492.1MiB / 3.842GiB
2;26/06/2022 18:03:24;rabbitmq; 646.1MiB / 3.842GiB
2;26/06/2022 18:03:33;rabbitmq; 1008MiB / 3.842GiB
2;26/06/2022 18:03:46;rabbitmq; 699.1MiB / 3.842GiB
2;26/06/2022 18:03:58;rabbitmq; 564MiB / 3.842GiB
2;26/06/2022 18:04:11;rabbitmq; 858MiB / 3.842GiB
2;26/06/2022 18:04:22;rabbitmq; 479MiB / 3.842GiB
2;26/06/2022 18:04:33;rabbitmq; 830.1MiB / 3.842GiB
2;26/06/2022 18:04:40;rabbitmq; 471.1MiB / 3.842GiB
3;26/06/2022 18:05:04;rabbitmq; 220.2MiB / 3.842GiB
3;26/06/2022 18:05:07;rabbitmq; 265.4MiB / 3.842GiB
3;26/06/2022 18:05:09;rabbitmq; 309.1MiB / 3.842GiB
3;26/06/2022 18:05:11;rabbitmq; 329MiB / 3.842GiB
3;26/06/2022 18:05:13;rabbitmq; 342.7MiB / 3.842GiB
3;26/06/2022 18:05:17;rabbitmq; 388.4MiB / 3.842GiB
3;26/06/2022 18:05:20;rabbitmq; 476.7MiB / 3.842GiB
3;26/06/2022 18:05:27;rabbitmq; 610.4MiB / 3.842GiB
3;26/06/2022 18:05:34;rabbitmq; 844.9MiB / 3.842GiB
3;26/06/2022 18:05:42;rabbitmq; 537.1MiB / 3.842GiB
3;26/06/2022 18:05:50;rabbitmq; 717MiB / 3.842GiB
3;26/06/2022 18:06:00;rabbitmq; 1.062GiB / 3.842GiB
3;26/06/2022 18:06:11;rabbitmq; 726.6MiB / 3.842GiB
3;26/06/2022 18:06:19;rabbitmq; 691.3MiB / 3.842GiB
3;26/06/2022 18:06:27;rabbitmq; 639.7MiB / 3.842GiB
3;26/06/2022 18:06:36;rabbitmq; 1.039GiB / 3.842GiB
3;26/06/2022 18:06:45;rabbitmq; 551.3MiB / 3.842GiB
3;26/06/2022 18:06:55;rabbitmq; 733MiB / 3.842GiB
3;26/06/2022 18:07:07;rabbitmq; 644.4MiB / 3.842GiB
3;26/06/2022 18:07:20;rabbitmq; 952.4MiB / 3.842GiB
3;26/06/2022 18:07:33;rabbitmq; 656.9MiB / 3.842GiB
3;26/06/2022 18:07:44;rabbitmq; 623.2MiB / 3.842GiB
3;26/06/2022 18:07:55;rabbitmq; 789.2MiB / 3.842GiB
3;26/06/2022 18:08:03;rabbitmq; 467.2MiB / 3.842GiB
4;26/06/2022 18:08:26;rabbitmq; 221.7MiB / 3.842GiB
4;26/06/2022 18:08:29;rabbitmq; 285MiB / 3.842GiB
4;26/06/2022 18:08:31;rabbitmq; 311.8MiB / 3.842GiB
4;26/06/2022 18:08:33;rabbitmq; 313.6MiB / 3.842GiB
4;26/06/2022 18:08:35;rabbitmq; 355MiB / 3.842GiB
4;26/06/2022 18:08:39;rabbitmq; 411.8MiB / 3.842GiB
4;26/06/2022 18:08:42;rabbitmq; 495.3MiB / 3.842GiB
4;26/06/2022 18:08:48;rabbitmq; 649.6MiB / 3.842GiB
4;26/06/2022 18:08:55;rabbitmq; 756.4MiB / 3.842GiB
4;26/06/2022 18:09:04;rabbitmq; 561.9MiB / 3.842GiB
4;26/06/2022 18:09:12;rabbitmq; 662.5MiB / 3.842GiB
4;26/06/2022 18:09:22;rabbitmq; 792.7MiB / 3.842GiB
4;26/06/2022 18:09:32;rabbitmq; 707.9MiB / 3.842GiB
4;26/06/2022 18:09:42;rabbitmq; 507.5MiB / 3.842GiB
4;26/06/2022 18:09:50;rabbitmq; 588.9MiB / 3.842GiB
4;26/06/2022 18:09:58;rabbitmq; 954.4MiB / 3.842GiB
4;26/06/2022 18:10:08;rabbitmq; 650.3MiB / 3.842GiB
4;26/06/2022 18:10:17;rabbitmq; 871.8MiB / 3.842GiB
4;26/06/2022 18:10:32;rabbitmq; 671.1MiB / 3.842GiB
4;26/06/2022 18:10:44;rabbitmq; 706.8MiB / 3.842GiB
4;26/06/2022 18:10:57;rabbitmq; 821.5MiB / 3.842GiB
4;26/06/2022 18:11:08;rabbitmq; 641.1MiB / 3.842GiB
4;26/06/2022 18:11:19;rabbitmq; 984.2MiB / 3.842GiB
4;26/06/2022 18:11:27;rabbitmq; 646.3MiB / 3.842GiB
5;26/06/2022 18:11:50;rabbitmq; 227.2MiB / 3.842GiB
5;26/06/2022 18:11:53;rabbitmq; 276.6MiB / 3.842GiB
5;26/06/2022 18:11:55;rabbitmq; 316.5MiB / 3.842GiB
5;26/06/2022 18:11:57;rabbitmq; 312.8MiB / 3.842GiB
5;26/06/2022 18:11:59;rabbitmq; 346.6MiB / 3.842GiB
5;26/06/2022 18:12:03;rabbitmq; 399.2MiB / 3.842GiB
5;26/06/2022 18:12:06;rabbitmq; 462MiB / 3.842GiB
5;26/06/2022 18:12:12;rabbitmq; 630.6MiB / 3.842GiB
5;26/06/2022 18:12:19;rabbitmq; 849.4MiB / 3.842GiB
5;26/06/2022 18:12:28;rabbitmq; 578.9MiB / 3.842GiB
5;26/06/2022 18:12:36;rabbitmq; 749.3MiB / 3.842GiB
5;26/06/2022 18:12:46;rabbitmq; 519.2MiB / 3.842GiB
5;26/06/2022 18:12:55;rabbitmq; 752.5MiB / 3.842GiB
5;26/06/2022 18:13:03;rabbitmq; 879MiB / 3.842GiB
5;26/06/2022 18:13:11;rabbitmq; 484.4MiB / 3.842GiB
5;26/06/2022 18:13:19;rabbitmq; 636.6MiB / 3.842GiB
5;26/06/2022 18:13:28;rabbitmq; 1.054GiB / 3.842GiB
5;26/06/2022 18:13:38;rabbitmq; 665.3MiB / 3.842GiB
5;26/06/2022 18:13:50;rabbitmq; 553MiB / 3.842GiB
5;26/06/2022 18:14:03;rabbitmq; 665.3MiB / 3.842GiB
5;26/06/2022 18:14:16;rabbitmq; 743.4MiB / 3.842GiB
5;26/06/2022 18:14:28;rabbitmq; 538.5MiB / 3.842GiB
5;26/06/2022 18:14:38;rabbitmq; 912.8MiB / 3.842GiB
5;26/06/2022 18:14:46;rabbitmq; 479.3MiB / 3.842GiB
6;26/06/2022 18:15:09;rabbitmq; 229.9MiB / 3.842GiB
6;26/06/2022 18:15:12;rabbitmq; 282.5MiB / 3.842GiB
6;26/06/2022 18:15:14;rabbitmq; 312.4MiB / 3.842GiB
6;26/06/2022 18:15:16;rabbitmq; 318.4MiB / 3.842GiB
6;26/06/2022 18:15:19;rabbitmq; 348.4MiB / 3.842GiB
6;26/06/2022 18:15:22;rabbitmq; 406.8MiB / 3.842GiB
6;26/06/2022 18:15:25;rabbitmq; 448.8MiB / 3.842GiB
6;26/06/2022 18:15:32;rabbitmq; 682.6MiB / 3.842GiB
6;26/06/2022 18:15:39;rabbitmq; 799.3MiB / 3.842GiB
6;26/06/2022 18:15:47;rabbitmq; 520.1MiB / 3.842GiB
6;26/06/2022 18:15:56;rabbitmq; 515.6MiB / 3.842GiB
6;26/06/2022 18:16:05;rabbitmq; 861.5MiB / 3.842GiB
6;26/06/2022 18:16:15;rabbitmq; 524.7MiB / 3.842GiB
6;26/06/2022 18:16:24;rabbitmq; 792.5MiB / 3.842GiB
6;26/06/2022 18:16:32;rabbitmq; 482.8MiB / 3.842GiB
6;26/06/2022 18:16:40;rabbitmq; 693.3MiB / 3.842GiB
6;26/06/2022 18:16:50;rabbitmq; 505.3MiB / 3.842GiB
6;26/06/2022 18:17:00;rabbitmq; 701MiB / 3.842GiB
6;26/06/2022 18:17:12;rabbitmq; 644.5MiB / 3.842GiB
6;26/06/2022 18:17:24;rabbitmq; 793MiB / 3.842GiB
6;26/06/2022 18:17:37;rabbitmq; 501.1MiB / 3.842GiB
6;26/06/2022 18:17:48;rabbitmq; 842MiB / 3.842GiB
6;26/06/2022 18:17:59;rabbitmq; 539.8MiB / 3.842GiB
6;26/06/2022 18:18:06;rabbitmq; 791.7MiB / 3.842GiB
7;26/06/2022 18:18:30;rabbitmq; 220.5MiB / 3.842GiB
7;26/06/2022 18:18:33;rabbitmq; 288.1MiB / 3.842GiB
7;26/06/2022 18:18:35;rabbitmq; 307.2MiB / 3.842GiB
7;26/06/2022 18:18:37;rabbitmq; 332.9MiB / 3.842GiB
7;26/06/2022 18:18:39;rabbitmq; 341.9MiB / 3.842GiB
7;26/06/2022 18:18:43;rabbitmq; 394.6MiB / 3.842GiB
7;26/06/2022 18:18:46;rabbitmq; 454.5MiB / 3.842GiB
7;26/06/2022 18:18:52;rabbitmq; 666.4MiB / 3.842GiB
7;26/06/2022 18:18:59;rabbitmq; 984.2MiB / 3.842GiB
7;26/06/2022 18:19:08;rabbitmq; 632.5MiB / 3.842GiB
7;26/06/2022 18:19:17;rabbitmq; 687.6MiB / 3.842GiB
7;26/06/2022 18:19:26;rabbitmq; 663.3MiB / 3.842GiB
7;26/06/2022 18:19:35;rabbitmq; 878.9MiB / 3.842GiB
7;26/06/2022 18:19:46;rabbitmq; 469.4MiB / 3.842GiB
7;26/06/2022 18:19:54;rabbitmq; 627.4MiB / 3.842GiB
7;26/06/2022 18:20:03;rabbitmq; 911.5MiB / 3.842GiB
7;26/06/2022 18:20:12;rabbitmq; 591.7MiB / 3.842GiB
7;26/06/2022 18:20:22;rabbitmq; 845.1MiB / 3.842GiB
7;26/06/2022 18:20:35;rabbitmq; 667.5MiB / 3.842GiB
7;26/06/2022 18:20:48;rabbitmq; 461.9MiB / 3.842GiB
7;26/06/2022 18:21:01;rabbitmq; 881.2MiB / 3.842GiB
7;26/06/2022 18:21:12;rabbitmq; 466.4MiB / 3.842GiB
7;26/06/2022 18:21:23;rabbitmq; 741.9MiB / 3.842GiB
7;26/06/2022 18:21:30;rabbitmq; 379.7MiB / 3.842GiB
8;26/06/2022 18:21:53;rabbitmq; 217.8MiB / 3.842GiB
8;26/06/2022 18:21:56;rabbitmq; 284.2MiB / 3.842GiB
8;26/06/2022 18:21:58;rabbitmq; 271.8MiB / 3.842GiB
8;26/06/2022 18:22:00;rabbitmq; 327.7MiB / 3.842GiB
8;26/06/2022 18:22:02;rabbitmq; 364.6MiB / 3.842GiB
8;26/06/2022 18:22:06;rabbitmq; 436.6MiB / 3.842GiB
8;26/06/2022 18:22:09;rabbitmq; 515MiB / 3.842GiB
8;26/06/2022 18:22:16;rabbitmq; 665.2MiB / 3.842GiB
8;26/06/2022 18:22:23;rabbitmq; 761.7MiB / 3.842GiB
8;26/06/2022 18:22:31;rabbitmq; 475.5MiB / 3.842GiB
8;26/06/2022 18:22:39;rabbitmq; 653.4MiB / 3.842GiB
8;26/06/2022 18:22:49;rabbitmq; 1.013GiB / 3.842GiB
8;26/06/2022 18:23:00;rabbitmq; 536.6MiB / 3.842GiB
8;26/06/2022 18:23:08;rabbitmq; 853.7MiB / 3.842GiB
8;26/06/2022 18:23:17;rabbitmq; 552.1MiB / 3.842GiB
8;26/06/2022 18:23:25;rabbitmq; 847.8MiB / 3.842GiB
8;26/06/2022 18:23:35;rabbitmq; 484.3MiB / 3.842GiB
8;26/06/2022 18:23:45;rabbitmq; 806.7MiB / 3.842GiB
8;26/06/2022 18:23:57;rabbitmq; 533.6MiB / 3.842GiB
8;26/06/2022 18:24:09;rabbitmq; 862.3MiB / 3.842GiB
8;26/06/2022 18:24:23;rabbitmq; 504.6MiB / 3.842GiB
8;26/06/2022 18:24:34;rabbitmq; 888MiB / 3.842GiB
8;26/06/2022 18:24:44;rabbitmq; 503.8MiB / 3.842GiB
8;26/06/2022 18:24:52;rabbitmq; 693.9MiB / 3.842GiB
9;26/06/2022 18:25:15;rabbitmq; 221.9MiB / 3.842GiB
9;26/06/2022 18:25:18;rabbitmq; 289.6MiB / 3.842GiB
9;26/06/2022 18:25:20;rabbitmq; 327.1MiB / 3.842GiB
9;26/06/2022 18:25:22;rabbitmq; 355.7MiB / 3.842GiB
9;26/06/2022 18:25:25;rabbitmq; 364.7MiB / 3.842GiB
9;26/06/2022 18:25:28;rabbitmq; 430.8MiB / 3.842GiB
9;26/06/2022 18:25:31;rabbitmq; 511.5MiB / 3.842GiB
9;26/06/2022 18:25:38;rabbitmq; 615.7MiB / 3.842GiB
9;26/06/2022 18:25:45;rabbitmq; 833.9MiB / 3.842GiB
9;26/06/2022 18:25:53;rabbitmq; 567.8MiB / 3.842GiB
9;26/06/2022 18:26:02;rabbitmq; 867.8MiB / 3.842GiB
9;26/06/2022 18:26:11;rabbitmq; 467.4MiB / 3.842GiB
9;26/06/2022 18:26:20;rabbitmq; 719.2MiB / 3.842GiB
9;26/06/2022 18:26:29;rabbitmq; 902.2MiB / 3.842GiB
9;26/06/2022 18:26:37;rabbitmq; 625.7MiB / 3.842GiB
9;26/06/2022 18:26:45;rabbitmq; 887.5MiB / 3.842GiB
9;26/06/2022 18:26:54;rabbitmq; 678.3MiB / 3.842GiB
9;26/06/2022 18:27:03;rabbitmq; 595.5MiB / 3.842GiB
9;26/06/2022 18:27:15;rabbitmq; 769.9MiB / 3.842GiB
9;26/06/2022 18:27:29;rabbitmq; 592.7MiB / 3.842GiB
9;26/06/2022 18:27:41;rabbitmq; 617.3MiB / 3.842GiB
9;26/06/2022 18:27:53;rabbitmq; 647MiB / 3.842GiB
9;26/06/2022 18:28:04;rabbitmq; 514.1MiB / 3.842GiB
9;26/06/2022 18:28:11;rabbitmq; 599.6MiB / 3.842GiB
10;26/06/2022 18:28:34;rabbitmq; 227.9MiB / 3.842GiB
10;26/06/2022 18:28:37;rabbitmq; 264.4MiB / 3.842GiB
10;26/06/2022 18:28:40;rabbitmq; 310.7MiB / 3.842GiB
10;26/06/2022 18:28:42;rabbitmq; 309.5MiB / 3.842GiB
10;26/06/2022 18:28:44;rabbitmq; 352.4MiB / 3.842GiB
10;26/06/2022 18:28:47;rabbitmq; 403.7MiB / 3.842GiB
10;26/06/2022 18:28:51;rabbitmq; 493.7MiB / 3.842GiB
10;26/06/2022 18:28:57;rabbitmq; 601.3MiB / 3.842GiB
10;26/06/2022 18:29:04;rabbitmq; 829.9MiB / 3.842GiB
10;26/06/2022 18:29:12;rabbitmq; 528.1MiB / 3.842GiB
10;26/06/2022 18:29:21;rabbitmq; 774.1MiB / 3.842GiB
10;26/06/2022 18:29:30;rabbitmq; 510.2MiB / 3.842GiB
10;26/06/2022 18:29:40;rabbitmq; 811MiB / 3.842GiB
10;26/06/2022 18:29:49;rabbitmq; 1007MiB / 3.842GiB
10;26/06/2022 18:29:57;rabbitmq; 454.4MiB / 3.842GiB
10;26/06/2022 18:30:05;rabbitmq; 640.4MiB / 3.842GiB
10;26/06/2022 18:30:14;rabbitmq; 984.5MiB / 3.842GiB
10;26/06/2022 18:30:23;rabbitmq; 655.5MiB / 3.842GiB
10;26/06/2022 18:30:35;rabbitmq; 1.058GiB / 3.842GiB
10;26/06/2022 18:30:46;rabbitmq; 728.3MiB / 3.842GiB
10;26/06/2022 18:30:59;rabbitmq; 1.21GiB / 3.842GiB
10;26/06/2022 18:31:10;rabbitmq; 429.9MiB / 3.842GiB
10;26/06/2022 18:31:21;rabbitmq; 746.6MiB / 3.842GiB
10;26/06/2022 18:31:29;rabbitmq; 514.3MiB / 3.842GiB
11;26/06/2022 18:31:52;rabbitmq; 227MiB / 3.842GiB
11;26/06/2022 18:31:55;rabbitmq; 261MiB / 3.842GiB
11;26/06/2022 18:31:57;rabbitmq; 320.6MiB / 3.842GiB
11;26/06/2022 18:31:59;rabbitmq; 348.8MiB / 3.842GiB
11;26/06/2022 18:32:01;rabbitmq; 358.3MiB / 3.842GiB
11;26/06/2022 18:32:05;rabbitmq; 426.4MiB / 3.842GiB
11;26/06/2022 18:32:08;rabbitmq; 489.2MiB / 3.842GiB
11;26/06/2022 18:32:14;rabbitmq; 631.5MiB / 3.842GiB
11;26/06/2022 18:32:21;rabbitmq; 875.2MiB / 3.842GiB
11;26/06/2022 18:32:30;rabbitmq; 471.1MiB / 3.842GiB
11;26/06/2022 18:32:38;rabbitmq; 754.2MiB / 3.842GiB
11;26/06/2022 18:32:48;rabbitmq; 850.2MiB / 3.842GiB
11;26/06/2022 18:32:58;rabbitmq; 414.3MiB / 3.842GiB
11;26/06/2022 18:33:07;rabbitmq; 650.7MiB / 3.842GiB
11;26/06/2022 18:33:15;rabbitmq; 878.2MiB / 3.842GiB
11;26/06/2022 18:33:25;rabbitmq; 489.8MiB / 3.842GiB
11;26/06/2022 18:33:34;rabbitmq; 708.3MiB / 3.842GiB
11;26/06/2022 18:33:43;rabbitmq; 1.02GiB / 3.842GiB
11;26/06/2022 18:33:55;rabbitmq; 522.2MiB / 3.842GiB
11;26/06/2022 18:34:07;rabbitmq; 571.5MiB / 3.842GiB
11;26/06/2022 18:34:20;rabbitmq; 748MiB / 3.842GiB
11;26/06/2022 18:34:32;rabbitmq; 519.4MiB / 3.842GiB
11;26/06/2022 18:34:42;rabbitmq; 790.3MiB / 3.842GiB
11;26/06/2022 18:34:50;rabbitmq; 465.5MiB / 3.842GiB
12;26/06/2022 18:35:14;rabbitmq; 231.9MiB / 3.842GiB
12;26/06/2022 18:35:17;rabbitmq; 269.1MiB / 3.842GiB
12;26/06/2022 18:35:19;rabbitmq; 298.5MiB / 3.842GiB
12;26/06/2022 18:35:21;rabbitmq; 301.4MiB / 3.842GiB
12;26/06/2022 18:35:23;rabbitmq; 338.8MiB / 3.842GiB
12;26/06/2022 18:35:27;rabbitmq; 388.6MiB / 3.842GiB
12;26/06/2022 18:35:30;rabbitmq; 478.9MiB / 3.842GiB
12;26/06/2022 18:35:36;rabbitmq; 648.4MiB / 3.842GiB
12;26/06/2022 18:35:43;rabbitmq; 868.4MiB / 3.842GiB
12;26/06/2022 18:35:51;rabbitmq; 608.5MiB / 3.842GiB
12;26/06/2022 18:35:59;rabbitmq; 707.2MiB / 3.842GiB
12;26/06/2022 18:36:10;rabbitmq; 512.1MiB / 3.842GiB
12;26/06/2022 18:36:19;rabbitmq; 731.6MiB / 3.842GiB
12;26/06/2022 18:36:27;rabbitmq; 999.4MiB / 3.842GiB
12;26/06/2022 18:36:36;rabbitmq; 516.2MiB / 3.842GiB
12;26/06/2022 18:36:44;rabbitmq; 709.5MiB / 3.842GiB
12;26/06/2022 18:36:53;rabbitmq; 1000MiB / 3.842GiB
12;26/06/2022 18:37:03;rabbitmq; 679.3MiB / 3.842GiB
12;26/06/2022 18:37:15;rabbitmq; 523.1MiB / 3.842GiB
12;26/06/2022 18:37:27;rabbitmq; 750.6MiB / 3.842GiB
12;26/06/2022 18:37:40;rabbitmq; 519.3MiB / 3.842GiB
12;26/06/2022 18:37:51;rabbitmq; 957MiB / 3.842GiB
12;26/06/2022 18:38:01;rabbitmq; 558.2MiB / 3.842GiB
12;26/06/2022 18:38:09;rabbitmq; 892MiB / 3.842GiB
13;26/06/2022 18:38:32;rabbitmq; 224.9MiB / 3.842GiB
13;26/06/2022 18:38:35;rabbitmq; 280.2MiB / 3.842GiB
13;26/06/2022 18:38:37;rabbitmq; 319.8MiB / 3.842GiB
13;26/06/2022 18:38:39;rabbitmq; 313.9MiB / 3.842GiB
13;26/06/2022 18:38:42;rabbitmq; 353.9MiB / 3.842GiB
13;26/06/2022 18:38:45;rabbitmq; 418.8MiB / 3.842GiB
13;26/06/2022 18:38:49;rabbitmq; 484.8MiB / 3.842GiB
13;26/06/2022 18:38:55;rabbitmq; 626.6MiB / 3.842GiB
13;26/06/2022 18:39:02;rabbitmq; 799.2MiB / 3.842GiB
13;26/06/2022 18:39:10;rabbitmq; 518.7MiB / 3.842GiB
13;26/06/2022 18:39:19;rabbitmq; 702.3MiB / 3.842GiB
13;26/06/2022 18:39:28;rabbitmq; 1.018GiB / 3.842GiB
13;26/06/2022 18:39:37;rabbitmq; 494.4MiB / 3.842GiB
13;26/06/2022 18:39:46;rabbitmq; 603.6MiB / 3.842GiB
13;26/06/2022 18:39:54;rabbitmq; 997.9MiB / 3.842GiB
13;26/06/2022 18:40:03;rabbitmq; 576.1MiB / 3.842GiB
13;26/06/2022 18:40:13;rabbitmq; 741MiB / 3.842GiB
13;26/06/2022 18:40:23;rabbitmq; 508.3MiB / 3.842GiB
13;26/06/2022 18:40:34;rabbitmq; 778.4MiB / 3.842GiB
13;26/06/2022 18:40:48;rabbitmq; 694.3MiB / 3.842GiB
13;26/06/2022 18:41:00;rabbitmq; 418.8MiB / 3.842GiB
13;26/06/2022 18:41:12;rabbitmq; 776.1MiB / 3.842GiB
13;26/06/2022 18:41:21;rabbitmq; 441.3MiB / 3.842GiB
13;26/06/2022 18:41:28;rabbitmq; 633.8MiB / 3.842GiB
14;26/06/2022 18:41:52;rabbitmq; 221.2MiB / 3.842GiB
14;26/06/2022 18:41:55;rabbitmq; 279.3MiB / 3.842GiB
14;26/06/2022 18:41:57;rabbitmq; 318MiB / 3.842GiB
14;26/06/2022 18:41:59;rabbitmq; 324.5MiB / 3.842GiB
14;26/06/2022 18:42:01;rabbitmq; 359.6MiB / 3.842GiB
14;26/06/2022 18:42:05;rabbitmq; 408.5MiB / 3.842GiB
14;26/06/2022 18:42:08;rabbitmq; 479.7MiB / 3.842GiB
14;26/06/2022 18:42:14;rabbitmq; 683.1MiB / 3.842GiB
14;26/06/2022 18:42:22;rabbitmq; 825.1MiB / 3.842GiB
14;26/06/2022 18:42:30;rabbitmq; 557.9MiB / 3.842GiB
14;26/06/2022 18:42:38;rabbitmq; 771.5MiB / 3.842GiB
14;26/06/2022 18:42:48;rabbitmq; 517MiB / 3.842GiB
14;26/06/2022 18:42:57;rabbitmq; 801MiB / 3.842GiB
14;26/06/2022 18:43:06;rabbitmq; 848.2MiB / 3.842GiB
14;26/06/2022 18:43:14;rabbitmq; 489.2MiB / 3.842GiB
14;26/06/2022 18:43:23;rabbitmq; 666.8MiB / 3.842GiB
14;26/06/2022 18:43:32;rabbitmq; 943.3MiB / 3.842GiB
14;26/06/2022 18:43:42;rabbitmq; 608.2MiB / 3.842GiB
14;26/06/2022 18:43:53;rabbitmq; 1.135GiB / 3.842GiB
14;26/06/2022 18:44:08;rabbitmq; 819.5MiB / 3.842GiB
14;26/06/2022 18:44:21;rabbitmq; 567.9MiB / 3.842GiB
14;26/06/2022 18:44:32;rabbitmq; 939.1MiB / 3.842GiB
14;26/06/2022 18:44:43;rabbitmq; 538.7MiB / 3.842GiB
14;26/06/2022 18:44:51;rabbitmq; 699.6MiB / 3.842GiB
15;26/06/2022 18:45:14;rabbitmq; 223.1MiB / 3.842GiB
15;26/06/2022 18:45:17;rabbitmq; 282.7MiB / 3.842GiB
15;26/06/2022 18:45:19;rabbitmq; 322.8MiB / 3.842GiB
15;26/06/2022 18:45:21;rabbitmq; 352.4MiB / 3.842GiB
15;26/06/2022 18:45:23;rabbitmq; 378.3MiB / 3.842GiB
15;26/06/2022 18:45:27;rabbitmq; 427.7MiB / 3.842GiB
15;26/06/2022 18:45:30;rabbitmq; 519.8MiB / 3.842GiB
15;26/06/2022 18:45:37;rabbitmq; 668.1MiB / 3.842GiB
15;26/06/2022 18:45:44;rabbitmq; 824.6MiB / 3.842GiB
15;26/06/2022 18:45:52;rabbitmq; 564.3MiB / 3.842GiB
15;26/06/2022 18:46:00;rabbitmq; 700.1MiB / 3.842GiB
15;26/06/2022 18:46:10;rabbitmq; 476.2MiB / 3.842GiB
15;26/06/2022 18:46:19;rabbitmq; 685.7MiB / 3.842GiB
15;26/06/2022 18:46:27;rabbitmq; 937.8MiB / 3.842GiB
15;26/06/2022 18:46:36;rabbitmq; 653.7MiB / 3.842GiB
15;26/06/2022 18:46:44;rabbitmq; 712.3MiB / 3.842GiB
15;26/06/2022 18:46:54;rabbitmq; 630.2MiB / 3.842GiB
15;26/06/2022 18:47:05;rabbitmq; 539.2MiB / 3.842GiB
15;26/06/2022 18:47:16;rabbitmq; 734.3MiB / 3.842GiB
15;26/06/2022 18:47:29;rabbitmq; 1.229GiB / 3.842GiB
15;26/06/2022 18:47:40;rabbitmq; 413MiB / 3.842GiB
15;26/06/2022 18:47:51;rabbitmq; 717.1MiB / 3.842GiB
15;26/06/2022 18:48:01;rabbitmq; 1.152GiB / 3.842GiB
15;26/06/2022 18:48:08;rabbitmq; 651.5MiB / 3.842GiB
16;26/06/2022 18:48:31;rabbitmq; 228.8MiB / 3.842GiB
16;26/06/2022 18:48:34;rabbitmq; 284MiB / 3.842GiB
16;26/06/2022 18:48:36;rabbitmq; 332MiB / 3.842GiB
16;26/06/2022 18:48:38;rabbitmq; 316MiB / 3.842GiB
16;26/06/2022 18:48:40;rabbitmq; 350.5MiB / 3.842GiB
16;26/06/2022 18:48:44;rabbitmq; 397.7MiB / 3.842GiB
16;26/06/2022 18:48:47;rabbitmq; 490.5MiB / 3.842GiB
16;26/06/2022 18:48:54;rabbitmq; 658.9MiB / 3.842GiB
16;26/06/2022 18:49:01;rabbitmq; 790.5MiB / 3.842GiB
16;26/06/2022 18:49:08;rabbitmq; 499.9MiB / 3.842GiB
16;26/06/2022 18:49:17;rabbitmq; 631.7MiB / 3.842GiB
16;26/06/2022 18:49:26;rabbitmq; 954.1MiB / 3.842GiB
16;26/06/2022 18:49:36;rabbitmq; 774MiB / 3.842GiB
16;26/06/2022 18:49:45;rabbitmq; 510.7MiB / 3.842GiB
16;26/06/2022 18:49:53;rabbitmq; 615.5MiB / 3.842GiB
16;26/06/2022 18:50:01;rabbitmq; 901.4MiB / 3.842GiB
16;26/06/2022 18:50:10;rabbitmq; 614.4MiB / 3.842GiB
16;26/06/2022 18:50:20;rabbitmq; 955.5MiB / 3.842GiB
16;26/06/2022 18:50:33;rabbitmq; 644.2MiB / 3.842GiB
16;26/06/2022 18:50:46;rabbitmq; 1.023GiB / 3.842GiB
16;26/06/2022 18:50:59;rabbitmq; 844.9MiB / 3.842GiB
16;26/06/2022 18:51:09;rabbitmq; 523.9MiB / 3.842GiB
16;26/06/2022 18:51:19;rabbitmq; 858.6MiB / 3.842GiB
16;26/06/2022 18:51:27;rabbitmq; 419.7MiB / 3.842GiB
17;26/06/2022 18:51:50;rabbitmq; 227.5MiB / 3.842GiB
17;26/06/2022 18:51:53;rabbitmq; 281.8MiB / 3.842GiB
17;26/06/2022 18:51:55;rabbitmq; 322.7MiB / 3.842GiB
17;26/06/2022 18:51:57;rabbitmq; 348.5MiB / 3.842GiB
17;26/06/2022 18:51:59;rabbitmq; 351MiB / 3.842GiB
17;26/06/2022 18:52:03;rabbitmq; 410.1MiB / 3.842GiB
17;26/06/2022 18:52:06;rabbitmq; 468.3MiB / 3.842GiB
17;26/06/2022 18:52:12;rabbitmq; 679.4MiB / 3.842GiB
17;26/06/2022 18:52:19;rabbitmq; 804.4MiB / 3.842GiB
17;26/06/2022 18:52:27;rabbitmq; 767.4MiB / 3.842GiB
17;26/06/2022 18:52:35;rabbitmq; 740MiB / 3.842GiB
17;26/06/2022 18:52:45;rabbitmq; 520.8MiB / 3.842GiB
17;26/06/2022 18:52:54;rabbitmq; 657.5MiB / 3.842GiB
17;26/06/2022 18:53:03;rabbitmq; 990.3MiB / 3.842GiB
17;26/06/2022 18:53:13;rabbitmq; 481.7MiB / 3.842GiB
17;26/06/2022 18:53:21;rabbitmq; 799.3MiB / 3.842GiB
17;26/06/2022 18:53:30;rabbitmq; 908.1MiB / 3.842GiB
17;26/06/2022 18:53:40;rabbitmq; 462.1MiB / 3.842GiB
17;26/06/2022 18:53:52;rabbitmq; 851.6MiB / 3.842GiB
17;26/06/2022 18:54:06;rabbitmq; 591.7MiB / 3.842GiB
17;26/06/2022 18:54:18;rabbitmq; 782.9MiB / 3.842GiB
17;26/06/2022 18:54:29;rabbitmq; 477.2MiB / 3.842GiB
17;26/06/2022 18:54:40;rabbitmq; 824.1MiB / 3.842GiB
17;26/06/2022 18:54:47;rabbitmq; 497.5MiB / 3.842GiB
18;26/06/2022 18:55:11;rabbitmq; 219.2MiB / 3.842GiB
18;26/06/2022 18:55:14;rabbitmq; 271.7MiB / 3.842GiB
18;26/06/2022 18:55:16;rabbitmq; 259.9MiB / 3.842GiB
18;26/06/2022 18:55:18;rabbitmq; 259.8MiB / 3.842GiB
18;26/06/2022 18:55:20;rabbitmq; 335.7MiB / 3.842GiB
18;26/06/2022 18:55:24;rabbitmq; 401.8MiB / 3.842GiB
18;26/06/2022 18:55:27;rabbitmq; 466.3MiB / 3.842GiB
18;26/06/2022 18:55:34;rabbitmq; 609.3MiB / 3.842GiB
18;26/06/2022 18:55:41;rabbitmq; 765.1MiB / 3.842GiB
18;26/06/2022 18:55:48;rabbitmq; 538.6MiB / 3.842GiB
18;26/06/2022 18:55:57;rabbitmq; 706.1MiB / 3.842GiB
18;26/06/2022 18:56:08;rabbitmq; 608.1MiB / 3.842GiB
18;26/06/2022 18:56:18;rabbitmq; 588.3MiB / 3.842GiB
18;26/06/2022 18:56:27;rabbitmq; 849.1MiB / 3.842GiB
18;26/06/2022 18:56:36;rabbitmq; 519MiB / 3.842GiB
18;26/06/2022 18:56:44;rabbitmq; 637.3MiB / 3.842GiB
18;26/06/2022 18:56:53;rabbitmq; 917.2MiB / 3.842GiB
18;26/06/2022 18:57:03;rabbitmq; 425.1MiB / 3.842GiB
18;26/06/2022 18:57:14;rabbitmq; 780MiB / 3.842GiB
18;26/06/2022 18:57:26;rabbitmq; 541.5MiB / 3.842GiB
18;26/06/2022 18:57:39;rabbitmq; 939.5MiB / 3.842GiB
18;26/06/2022 18:57:50;rabbitmq; 437.4MiB / 3.842GiB
18;26/06/2022 18:58:00;rabbitmq; 754.6MiB / 3.842GiB
18;26/06/2022 18:58:07;rabbitmq; 468.9MiB / 3.842GiB
19;26/06/2022 18:58:30;rabbitmq; 218.3MiB / 3.842GiB
19;26/06/2022 18:58:33;rabbitmq; 277.4MiB / 3.842GiB
19;26/06/2022 18:58:35;rabbitmq; 333.3MiB / 3.842GiB
19;26/06/2022 18:58:37;rabbitmq; 333.3MiB / 3.842GiB
19;26/06/2022 18:58:40;rabbitmq; 378.6MiB / 3.842GiB
19;26/06/2022 18:58:43;rabbitmq; 419.6MiB / 3.842GiB
19;26/06/2022 18:58:47;rabbitmq; 521.8MiB / 3.842GiB
19;26/06/2022 18:58:53;rabbitmq; 593.2MiB / 3.842GiB
19;26/06/2022 18:59:00;rabbitmq; 809.6MiB / 3.842GiB
19;26/06/2022 18:59:09;rabbitmq; 526.6MiB / 3.842GiB
19;26/06/2022 18:59:17;rabbitmq; 808.5MiB / 3.842GiB
19;26/06/2022 18:59:27;rabbitmq; 565.4MiB / 3.842GiB
19;26/06/2022 18:59:37;rabbitmq; 761.7MiB / 3.842GiB
19;26/06/2022 18:59:46;rabbitmq; 541MiB / 3.842GiB
19;26/06/2022 18:59:54;rabbitmq; 701.1MiB / 3.842GiB
19;26/06/2022 19:00:03;rabbitmq; 1017MiB / 3.842GiB
19;26/06/2022 19:00:12;rabbitmq; 576MiB / 3.842GiB
19;26/06/2022 19:00:21;rabbitmq; 761MiB / 3.842GiB
19;26/06/2022 19:00:35;rabbitmq; 598.2MiB / 3.842GiB
19;26/06/2022 19:00:48;rabbitmq; 965.9MiB / 3.842GiB
19;26/06/2022 19:01:01;rabbitmq; 659.8MiB / 3.842GiB
19;26/06/2022 19:01:12;rabbitmq; 854.2MiB / 3.842GiB
19;26/06/2022 19:01:22;rabbitmq; 716.6MiB / 3.842GiB
19;26/06/2022 19:01:29;rabbitmq; 949.4MiB / 3.842GiB
20;26/06/2022 19:01:53;rabbitmq; 227.6MiB / 3.842GiB
20;26/06/2022 19:01:56;rabbitmq; 274.4MiB / 3.842GiB
20;26/06/2022 19:01:58;rabbitmq; 322.5MiB / 3.842GiB
20;26/06/2022 19:02:00;rabbitmq; 326.9MiB / 3.842GiB
20;26/06/2022 19:02:02;rabbitmq; 357.9MiB / 3.842GiB
20;26/06/2022 19:02:05;rabbitmq; 414MiB / 3.842GiB
20;26/06/2022 19:02:09;rabbitmq; 508.1MiB / 3.842GiB
20;26/06/2022 19:02:15;rabbitmq; 616.9MiB / 3.842GiB
20;26/06/2022 19:02:22;rabbitmq; 800.1MiB / 3.842GiB
20;26/06/2022 19:02:30;rabbitmq; 454.6MiB / 3.842GiB
20;26/06/2022 19:02:38;rabbitmq; 685.6MiB / 3.842GiB
20;26/06/2022 19:02:47;rabbitmq; 744.2MiB / 3.842GiB
20;26/06/2022 19:02:57;rabbitmq; 665MiB / 3.842GiB
20;26/06/2022 19:03:06;rabbitmq; 995.3MiB / 3.842GiB
20;26/06/2022 19:03:14;rabbitmq; 585.1MiB / 3.842GiB
20;26/06/2022 19:03:22;rabbitmq; 686MiB / 3.842GiB
20;26/06/2022 19:03:32;rabbitmq; 1.064GiB / 3.842GiB
20;26/06/2022 19:03:41;rabbitmq; 610.7MiB / 3.842GiB
20;26/06/2022 19:03:53;rabbitmq; 1.027GiB / 3.842GiB
20;26/06/2022 19:04:06;rabbitmq; 752.8MiB / 3.842GiB
20;26/06/2022 19:04:20;rabbitmq; 636.1MiB / 3.842GiB
20;26/06/2022 19:04:31;rabbitmq; 818.1MiB / 3.842GiB
20;26/06/2022 19:04:41;rabbitmq; 608.4MiB / 3.842GiB
20;26/06/2022 19:04:49;rabbitmq; 797MiB / 3.842GiB
21;26/06/2022 19:05:12;rabbitmq; 237MiB / 3.842GiB
21;26/06/2022 19:05:15;rabbitmq; 280.8MiB / 3.842GiB
21;26/06/2022 19:05:18;rabbitmq; 268.2MiB / 3.842GiB
21;26/06/2022 19:05:20;rabbitmq; 256.3MiB / 3.842GiB
21;26/06/2022 19:05:22;rabbitmq; 349.8MiB / 3.842GiB
21;26/06/2022 19:05:26;rabbitmq; 396MiB / 3.842GiB
21;26/06/2022 19:05:29;rabbitmq; 473.9MiB / 3.842GiB
21;26/06/2022 19:05:35;rabbitmq; 588.8MiB / 3.842GiB
21;26/06/2022 19:05:42;rabbitmq; 732.5MiB / 3.842GiB
21;26/06/2022 19:05:51;rabbitmq; 593.1MiB / 3.842GiB
21;26/06/2022 19:06:00;rabbitmq; 656.3MiB / 3.842GiB
21;26/06/2022 19:06:09;rabbitmq; 964.8MiB / 3.842GiB
21;26/06/2022 19:06:19;rabbitmq; 696.6MiB / 3.842GiB
21;26/06/2022 19:06:27;rabbitmq; 859.7MiB / 3.842GiB
21;26/06/2022 19:06:37;rabbitmq; 592.5MiB / 3.842GiB
21;26/06/2022 19:06:45;rabbitmq; 745MiB / 3.842GiB
21;26/06/2022 19:06:54;rabbitmq; 931.8MiB / 3.842GiB
21;26/06/2022 19:07:04;rabbitmq; 633.3MiB / 3.842GiB
21;26/06/2022 19:07:15;rabbitmq; 620.4MiB / 3.842GiB
21;26/06/2022 19:07:29;rabbitmq; 637.8MiB / 3.842GiB
21;26/06/2022 19:07:41;rabbitmq; 762.7MiB / 3.842GiB
21;26/06/2022 19:07:53;rabbitmq; 495.6MiB / 3.842GiB
21;26/06/2022 19:08:03;rabbitmq; 726MiB / 3.842GiB
21;26/06/2022 19:08:11;rabbitmq; 536.1MiB / 3.842GiB
22;26/06/2022 19:08:34;rabbitmq; 232.8MiB / 3.842GiB
22;26/06/2022 19:08:37;rabbitmq; 294.8MiB / 3.842GiB
22;26/06/2022 19:08:39;rabbitmq; 325.7MiB / 3.842GiB
22;26/06/2022 19:08:41;rabbitmq; 322.3MiB / 3.842GiB
22;26/06/2022 19:08:44;rabbitmq; 356.2MiB / 3.842GiB
22;26/06/2022 19:08:47;rabbitmq; 409.5MiB / 3.842GiB
22;26/06/2022 19:08:50;rabbitmq; 476.7MiB / 3.842GiB
22;26/06/2022 19:08:57;rabbitmq; 656.2MiB / 3.842GiB
22;26/06/2022 19:09:03;rabbitmq; 767.4MiB / 3.842GiB
22;26/06/2022 19:09:11;rabbitmq; 546.1MiB / 3.842GiB
22;26/06/2022 19:09:20;rabbitmq; 791.6MiB / 3.842GiB
22;26/06/2022 19:09:31;rabbitmq; 550.2MiB / 3.842GiB
22;26/06/2022 19:09:41;rabbitmq; 580.4MiB / 3.842GiB
22;26/06/2022 19:09:49;rabbitmq; 878.8MiB / 3.842GiB
22;26/06/2022 19:09:58;rabbitmq; 483.1MiB / 3.842GiB
22;26/06/2022 19:10:07;rabbitmq; 669.6MiB / 3.842GiB
22;26/06/2022 19:10:15;rabbitmq; 809MiB / 3.842GiB
22;26/06/2022 19:10:25;rabbitmq; 670.5MiB / 3.842GiB
22;26/06/2022 19:10:37;rabbitmq; 954.2MiB / 3.842GiB
22;26/06/2022 19:10:50;rabbitmq; 594.4MiB / 3.842GiB
22;26/06/2022 19:11:03;rabbitmq; 462.5MiB / 3.842GiB
22;26/06/2022 19:11:14;rabbitmq; 707.8MiB / 3.842GiB
22;26/06/2022 19:11:26;rabbitmq; 474.1MiB / 3.842GiB
22;26/06/2022 19:11:33;rabbitmq; 594.2MiB / 3.842GiB
23;26/06/2022 19:11:56;rabbitmq; 224.7MiB / 3.842GiB
23;26/06/2022 19:11:59;rabbitmq; 280.6MiB / 3.842GiB
23;26/06/2022 19:12:02;rabbitmq; 310.3MiB / 3.842GiB
23;26/06/2022 19:12:04;rabbitmq; 310.1MiB / 3.842GiB
23;26/06/2022 19:12:06;rabbitmq; 363.6MiB / 3.842GiB
23;26/06/2022 19:12:10;rabbitmq; 431.4MiB / 3.842GiB
23;26/06/2022 19:12:13;rabbitmq; 503.3MiB / 3.842GiB
23;26/06/2022 19:12:19;rabbitmq; 620.2MiB / 3.842GiB
23;26/06/2022 19:12:27;rabbitmq; 855.7MiB / 3.842GiB
23;26/06/2022 19:12:35;rabbitmq; 406.9MiB / 3.842GiB
23;26/06/2022 19:12:43;rabbitmq; 634.9MiB / 3.842GiB
23;26/06/2022 19:12:52;rabbitmq; 951.4MiB / 3.842GiB
23;26/06/2022 19:13:02;rabbitmq; 617.9MiB / 3.842GiB
23;26/06/2022 19:13:11;rabbitmq; 916.9MiB / 3.842GiB
23;26/06/2022 19:13:22;rabbitmq; 584.6MiB / 3.842GiB
23;26/06/2022 19:13:30;rabbitmq; 725.3MiB / 3.842GiB
23;26/06/2022 19:13:39;rabbitmq; 1.085GiB / 3.842GiB
23;26/06/2022 19:13:49;rabbitmq; 479.5MiB / 3.842GiB
23;26/06/2022 19:14:01;rabbitmq; 736.6MiB / 3.842GiB
23;26/06/2022 19:14:14;rabbitmq; 677.7MiB / 3.842GiB
23;26/06/2022 19:14:27;rabbitmq; 599.7MiB / 3.842GiB
23;26/06/2022 19:14:38;rabbitmq; 655.4MiB / 3.842GiB
23;26/06/2022 19:14:48;rabbitmq; 685.3MiB / 3.842GiB
23;26/06/2022 19:14:55;rabbitmq; 1.041GiB / 3.842GiB
24;26/06/2022 19:15:19;rabbitmq; 221.2MiB / 3.842GiB
24;26/06/2022 19:15:22;rabbitmq; 283MiB / 3.842GiB
24;26/06/2022 19:15:24;rabbitmq; 271.2MiB / 3.842GiB
24;26/06/2022 19:15:26;rabbitmq; 271MiB / 3.842GiB
24;26/06/2022 19:15:28;rabbitmq; 361.3MiB / 3.842GiB
24;26/06/2022 19:15:32;rabbitmq; 410.4MiB / 3.842GiB
24;26/06/2022 19:15:35;rabbitmq; 526.9MiB / 3.842GiB
24;26/06/2022 19:15:41;rabbitmq; 644.3MiB / 3.842GiB
24;26/06/2022 19:15:48;rabbitmq; 791.3MiB / 3.842GiB
24;26/06/2022 19:15:57;rabbitmq; 585.1MiB / 3.842GiB
24;26/06/2022 19:16:05;rabbitmq; 711.8MiB / 3.842GiB
24;26/06/2022 19:16:14;rabbitmq; 742MiB / 3.842GiB
24;26/06/2022 19:16:24;rabbitmq; 711.6MiB / 3.842GiB
24;26/06/2022 19:16:33;rabbitmq; 475.5MiB / 3.842GiB
24;26/06/2022 19:16:41;rabbitmq; 635.2MiB / 3.842GiB
24;26/06/2022 19:16:49;rabbitmq; 984.9MiB / 3.842GiB
24;26/06/2022 19:16:59;rabbitmq; 593.5MiB / 3.842GiB
24;26/06/2022 19:17:09;rabbitmq; 936MiB / 3.842GiB
24;26/06/2022 19:17:21;rabbitmq; 667.3MiB / 3.842GiB
24;26/06/2022 19:17:34;rabbitmq; 1.007GiB / 3.842GiB
24;26/06/2022 19:17:45;rabbitmq; 435.5MiB / 3.842GiB
24;26/06/2022 19:17:56;rabbitmq; 874.2MiB / 3.842GiB
24;26/06/2022 19:18:07;rabbitmq; 508.3MiB / 3.842GiB
24;26/06/2022 19:18:14;rabbitmq; 771.5MiB / 3.842GiB
25;26/06/2022 19:18:37;rabbitmq; 224.4MiB / 3.842GiB
25;26/06/2022 19:18:40;rabbitmq; 282.1MiB / 3.842GiB
25;26/06/2022 19:18:43;rabbitmq; 320.9MiB / 3.842GiB
25;26/06/2022 19:18:45;rabbitmq; 335MiB / 3.842GiB
25;26/06/2022 19:18:47;rabbitmq; 347.3MiB / 3.842GiB
25;26/06/2022 19:18:50;rabbitmq; 394.8MiB / 3.842GiB
25;26/06/2022 19:18:54;rabbitmq; 461.6MiB / 3.842GiB
25;26/06/2022 19:19:00;rabbitmq; 656.9MiB / 3.842GiB
25;26/06/2022 19:19:07;rabbitmq; 891MiB / 3.842GiB
25;26/06/2022 19:19:15;rabbitmq; 576.6MiB / 3.842GiB
25;26/06/2022 19:19:23;rabbitmq; 747.3MiB / 3.842GiB
25;26/06/2022 19:19:32;rabbitmq; 604.2MiB / 3.842GiB
25;26/06/2022 19:19:42;rabbitmq; 878MiB / 3.842GiB
25;26/06/2022 19:19:53;rabbitmq; 572MiB / 3.842GiB
25;26/06/2022 19:20:01;rabbitmq; 719.2MiB / 3.842GiB
25;26/06/2022 19:20:09;rabbitmq; 1.017GiB / 3.842GiB
25;26/06/2022 19:20:19;rabbitmq; 445.1MiB / 3.842GiB
25;26/06/2022 19:20:29;rabbitmq; 640MiB / 3.842GiB
25;26/06/2022 19:20:41;rabbitmq; 564.2MiB / 3.842GiB
25;26/06/2022 19:20:53;rabbitmq; 817.8MiB / 3.842GiB
25;26/06/2022 19:21:06;rabbitmq; 539.7MiB / 3.842GiB
25;26/06/2022 19:21:17;rabbitmq; 886MiB / 3.842GiB
25;26/06/2022 19:21:30;rabbitmq; 629.2MiB / 3.842GiB
25;26/06/2022 19:21:37;rabbitmq; 850MiB / 3.842GiB
26;26/06/2022 19:22:00;rabbitmq; 218.1MiB / 3.842GiB
26;26/06/2022 19:22:03;rabbitmq; 274.9MiB / 3.842GiB
26;26/06/2022 19:22:05;rabbitmq; 263.4MiB / 3.842GiB
26;26/06/2022 19:22:07;rabbitmq; 320.2MiB / 3.842GiB
26;26/06/2022 19:22:10;rabbitmq; 355.3MiB / 3.842GiB
26;26/06/2022 19:22:13;rabbitmq; 401.4MiB / 3.842GiB
26;26/06/2022 19:22:17;rabbitmq; 442.8MiB / 3.842GiB
26;26/06/2022 19:22:23;rabbitmq; 625.6MiB / 3.842GiB
26;26/06/2022 19:22:30;rabbitmq; 884MiB / 3.842GiB
26;26/06/2022 19:22:38;rabbitmq; 507.3MiB / 3.842GiB
26;26/06/2022 19:22:46;rabbitmq; 703.1MiB / 3.842GiB
26;26/06/2022 19:22:56;rabbitmq; 535.5MiB / 3.842GiB
26;26/06/2022 19:23:05;rabbitmq; 536.7MiB / 3.842GiB
26;26/06/2022 19:23:14;rabbitmq; 823.2MiB / 3.842GiB
26;26/06/2022 19:23:21;rabbitmq; 566.2MiB / 3.842GiB
26;26/06/2022 19:23:30;rabbitmq; 636.1MiB / 3.842GiB
26;26/06/2022 19:23:40;rabbitmq; 883.2MiB / 3.842GiB
26;26/06/2022 19:23:50;rabbitmq; 717.7MiB / 3.842GiB
26;26/06/2022 19:24:01;rabbitmq; 475.8MiB / 3.842GiB
26;26/06/2022 19:24:14;rabbitmq; 909.8MiB / 3.842GiB
26;26/06/2022 19:24:27;rabbitmq; 581.1MiB / 3.842GiB
26;26/06/2022 19:24:38;rabbitmq; 805.8MiB / 3.842GiB
26;26/06/2022 19:24:48;rabbitmq; 637.4MiB / 3.842GiB
26;26/06/2022 19:24:56;rabbitmq; 857.9MiB / 3.842GiB
27;26/06/2022 19:25:20;rabbitmq; 227MiB / 3.842GiB
27;26/06/2022 19:25:23;rabbitmq; 279.1MiB / 3.842GiB
27;26/06/2022 19:25:25;rabbitmq; 273MiB / 3.842GiB
27;26/06/2022 19:25:27;rabbitmq; 272.3MiB / 3.842GiB
27;26/06/2022 19:25:29;rabbitmq; 343.2MiB / 3.842GiB
27;26/06/2022 19:25:32;rabbitmq; 395.2MiB / 3.842GiB
27;26/06/2022 19:25:36;rabbitmq; 495.3MiB / 3.842GiB
27;26/06/2022 19:25:42;rabbitmq; 589.3MiB / 3.842GiB
27;26/06/2022 19:25:49;rabbitmq; 875.8MiB / 3.842GiB
27;26/06/2022 19:25:56;rabbitmq; 462.7MiB / 3.842GiB
27;26/06/2022 19:26:04;rabbitmq; 680.9MiB / 3.842GiB
27;26/06/2022 19:26:14;rabbitmq; 1.019GiB / 3.842GiB
27;26/06/2022 19:26:24;rabbitmq; 530.5MiB / 3.842GiB
27;26/06/2022 19:26:33;rabbitmq; 801.9MiB / 3.842GiB
27;26/06/2022 19:26:42;rabbitmq; 573.3MiB / 3.842GiB
27;26/06/2022 19:26:50;rabbitmq; 592.8MiB / 3.842GiB
27;26/06/2022 19:26:59;rabbitmq; 874.1MiB / 3.842GiB
27;26/06/2022 19:27:09;rabbitmq; 580.4MiB / 3.842GiB
27;26/06/2022 19:27:21;rabbitmq; 902.4MiB / 3.842GiB
27;26/06/2022 19:27:33;rabbitmq; 820.6MiB / 3.842GiB
27;26/06/2022 19:27:45;rabbitmq; 490.4MiB / 3.842GiB
27;26/06/2022 19:27:56;rabbitmq; 849.4MiB / 3.842GiB
27;26/06/2022 19:28:06;rabbitmq; 561.5MiB / 3.842GiB
27;26/06/2022 19:28:13;rabbitmq; 810.7MiB / 3.842GiB
28;26/06/2022 19:28:37;rabbitmq; 226.4MiB / 3.842GiB
28;26/06/2022 19:28:40;rabbitmq; 271.8MiB / 3.842GiB
28;26/06/2022 19:28:42;rabbitmq; 258.4MiB / 3.842GiB
28;26/06/2022 19:28:44;rabbitmq; 306.4MiB / 3.842GiB
28;26/06/2022 19:28:46;rabbitmq; 354.9MiB / 3.842GiB
28;26/06/2022 19:28:50;rabbitmq; 404.9MiB / 3.842GiB
28;26/06/2022 19:28:53;rabbitmq; 483.7MiB / 3.842GiB
28;26/06/2022 19:28:59;rabbitmq; 621.2MiB / 3.842GiB
28;26/06/2022 19:29:07;rabbitmq; 788.1MiB / 3.842GiB
28;26/06/2022 19:29:15;rabbitmq; 499.3MiB / 3.842GiB
28;26/06/2022 19:29:23;rabbitmq; 761.2MiB / 3.842GiB
28;26/06/2022 19:29:32;rabbitmq; 1.036GiB / 3.842GiB
28;26/06/2022 19:29:42;rabbitmq; 401.9MiB / 3.842GiB
28;26/06/2022 19:29:50;rabbitmq; 633.3MiB / 3.842GiB
28;26/06/2022 19:29:58;rabbitmq; 970.9MiB / 3.842GiB
28;26/06/2022 19:30:07;rabbitmq; 565.7MiB / 3.842GiB
28;26/06/2022 19:30:17;rabbitmq; 815.7MiB / 3.842GiB
28;26/06/2022 19:30:28;rabbitmq; 499.2MiB / 3.842GiB
28;26/06/2022 19:30:39;rabbitmq; 870.2MiB / 3.842GiB
28;26/06/2022 19:30:53;rabbitmq; 661MiB / 3.842GiB
28;26/06/2022 19:31:06;rabbitmq; 591.7MiB / 3.842GiB
28;26/06/2022 19:31:18;rabbitmq; 711.3MiB / 3.842GiB
28;26/06/2022 19:31:28;rabbitmq; 1.12GiB / 3.842GiB
28;26/06/2022 19:31:35;rabbitmq; 454.9MiB / 3.842GiB
29;26/06/2022 19:31:58;rabbitmq; 222MiB / 3.842GiB
29;26/06/2022 19:32:01;rabbitmq; 270.7MiB / 3.842GiB
29;26/06/2022 19:32:04;rabbitmq; 265.1MiB / 3.842GiB
29;26/06/2022 19:32:06;rabbitmq; 264.9MiB / 3.842GiB
29;26/06/2022 19:32:08;rabbitmq; 349.4MiB / 3.842GiB
29;26/06/2022 19:32:11;rabbitmq; 418.6MiB / 3.842GiB
29;26/06/2022 19:32:15;rabbitmq; 474.7MiB / 3.842GiB
29;26/06/2022 19:32:21;rabbitmq; 656.2MiB / 3.842GiB
29;26/06/2022 19:32:27;rabbitmq; 892.1MiB / 3.842GiB
29;26/06/2022 19:32:36;rabbitmq; 569.2MiB / 3.842GiB
29;26/06/2022 19:32:44;rabbitmq; 783.7MiB / 3.842GiB
29;26/06/2022 19:32:54;rabbitmq; 495.2MiB / 3.842GiB
29;26/06/2022 19:33:04;rabbitmq; 687.4MiB / 3.842GiB
29;26/06/2022 19:33:13;rabbitmq; 893.4MiB / 3.842GiB
29;26/06/2022 19:33:21;rabbitmq; 527.8MiB / 3.842GiB
29;26/06/2022 19:33:29;rabbitmq; 697.9MiB / 3.842GiB
29;26/06/2022 19:33:38;rabbitmq; 956.5MiB / 3.842GiB
29;26/06/2022 19:33:48;rabbitmq; 717.9MiB / 3.842GiB
29;26/06/2022 19:34:00;rabbitmq; 1.23GiB / 3.842GiB
29;26/06/2022 19:34:11;rabbitmq; 754.1MiB / 3.842GiB
29;26/06/2022 19:34:24;rabbitmq; 664.9MiB / 3.842GiB
29;26/06/2022 19:34:35;rabbitmq; 855.6MiB / 3.842GiB
29;26/06/2022 19:34:45;rabbitmq; 683MiB / 3.842GiB
29;26/06/2022 19:34:53;rabbitmq; 1.022GiB / 3.842GiB
